-- MySQL dump 10.11
--
-- Host: localhost    Database: openmrs_1_5
-- ------------------------------------------------------
-- Server version	5.0.67

/*!40101 SET @OLD_CHARACTER_SET_CLIENT=@@CHARACTER_SET_CLIENT */;
/*!40101 SET @OLD_CHARACTER_SET_RESULTS=@@CHARACTER_SET_RESULTS */;
/*!40101 SET @OLD_COLLATION_CONNECTION=@@COLLATION_CONNECTION */;
/*!40101 SET NAMES utf8 */;
/*!40103 SET @OLD_TIME_ZONE=@@TIME_ZONE */;
/*!40103 SET TIME_ZONE='+00:00' */;
/*!40014 SET @OLD_UNIQUE_CHECKS=@@UNIQUE_CHECKS, UNIQUE_CHECKS=0 */;
/*!40014 SET @OLD_FOREIGN_KEY_CHECKS=@@FOREIGN_KEY_CHECKS, FOREIGN_KEY_CHECKS=0 */;
/*!40101 SET @OLD_SQL_MODE=@@SQL_MODE, SQL_MODE='NO_AUTO_VALUE_ON_ZERO' */;
/*!40111 SET @OLD_SQL_NOTES=@@SQL_NOTES, SQL_NOTES=0 */;

--
-- Dumping data for table `program_encounter_type_map`
--

LOCK TABLES `program_encounter_type_map` WRITE;
/*!40000 ALTER TABLE `program_encounter_type_map` DISABLE KEYS */;
INSERT INTO `program_encounter_type_map` VALUES (1,1,9),(2,1,10),(3,1,11),(4,1,12),(5,1,51),(6,1,52),(7,1,53),(8,1,54),(9,2,14),(10,2,15),(11,4,20),(12,4,21),(14,6,17),(13,6,24);
/*!40000 ALTER TABLE `program_encounter_type_map` ENABLE KEYS */;
UNLOCK TABLES;

--
-- Dumping data for table `program_location_restriction`
--

LOCK TABLES `program_location_restriction` WRITE;
/*!40000 ALTER TABLE `program_location_restriction` DISABLE KEYS */;
INSERT INTO `program_location_restriction` VALUES (1,1,7),(5,1,8),(2,2,7),(6,2,8),(3,4,7),(7,4,8),(4,6,7),(8,6,8);
/*!40000 ALTER TABLE `program_location_restriction` ENABLE KEYS */;
UNLOCK TABLES;

--
-- Dumping data for table `program_orders_map`
--

LOCK TABLES `program_orders_map` WRITE;
/*!40000 ALTER TABLE `program_orders_map` DISABLE KEYS */;
INSERT INTO `program_orders_map` VALUES (2,1,625),(3,1,628),(11,1,630),(4,1,631),(9,1,633),(1,1,792),(17,1,794),(18,1,795),(15,1,796),(10,1,797),(19,1,802),(16,1,814),(7,1,1610),(8,1,1612),(6,1,1613),(5,1,2833),(12,1,2988),(14,1,2994),(13,1,6880),(24,2,438),(35,2,450),(20,2,656),(22,2,745),(21,2,767),(40,2,768),(29,2,955),(38,2,1194),(27,2,1406),(25,2,1411),(31,2,1413),(30,2,1414),(33,2,1415),(26,2,1417),(28,2,1418),(32,2,1419),(39,2,1614),(34,2,1633),(36,2,2459),(37,2,2460),(23,2,5829),(41,6,3623),(42,6,3624),(43,6,3625);
/*!40000 ALTER TABLE `program_orders_map` ENABLE KEYS */;
UNLOCK TABLES;

--
-- Dumping data for table `program_patient_identifier_type_map`
--

LOCK TABLES `program_patient_identifier_type_map` WRITE;
/*!40000 ALTER TABLE `program_patient_identifier_type_map` DISABLE KEYS */;
INSERT INTO `program_patient_identifier_type_map` VALUES (1,1,4),(2,1,5),(3,1,13),(4,2,7),(5,4,9),(6,6,12);
/*!40000 ALTER TABLE `program_patient_identifier_type_map` ENABLE KEYS */;
UNLOCK TABLES;

--
-- Dumping data for table `program_relationship_type_map`
--

LOCK TABLES `program_relationship_type_map` WRITE;
/*!40000 ALTER TABLE `program_relationship_type_map` DISABLE KEYS */;
INSERT INTO `program_relationship_type_map` VALUES (1,1,7),(2,1,8),(3,2,7),(4,2,8),(5,4,7),(6,4,8),(7,6,7),(8,6,8);
/*!40000 ALTER TABLE `program_relationship_type_map` ENABLE KEYS */;
UNLOCK TABLES;

--
-- Dumping data for table `regimen`
--

LOCK TABLES `regimen` WRITE;
/*!40000 ALTER TABLE `regimen` DISABLE KEYS */;
INSERT INTO `regimen` VALUES (1,6878,3,6,1,'2010-02-17 20:12:50',0,NULL,NULL,1),(2,6878,6,10,1,'2010-02-17 20:12:50',0,NULL,NULL,1),(3,6878,10,14,1,'2010-02-17 20:12:50',0,NULL,NULL,1),(4,6878,14,20,1,'2010-02-17 20:12:50',0,NULL,NULL,1),(5,6878,20,25,1,'2010-02-17 20:12:50',0,NULL,NULL,1),(6,6878,25,30,1,'2010-02-17 20:12:50',0,NULL,NULL,1),(7,6878,3,6,1,'2010-02-17 20:12:50',0,NULL,NULL,1),(8,6878,6,10,1,'2010-02-17 20:12:50',0,NULL,NULL,1),(9,6878,10,14,1,'2010-02-17 20:12:50',0,NULL,NULL,1),(10,6878,14,20,1,'2010-02-17 20:12:50',0,NULL,NULL,1),(11,6878,20,25,1,'2010-02-17 20:12:50',0,NULL,NULL,1),(12,6878,25,30,1,'2010-02-17 20:12:50',0,NULL,NULL,1),(13,6878,0,5,1,'2010-02-17 20:12:50',0,NULL,NULL,1),(14,6878,5,8,1,'2010-02-17 20:12:50',0,NULL,NULL,1),(15,6878,8,12,1,'2010-02-17 20:12:50',0,NULL,NULL,1),(16,6878,12,14,1,'2010-02-17 20:12:50',0,NULL,NULL,1),(17,6878,14,19,1,'2010-02-17 20:12:50',0,NULL,NULL,1),(18,6878,19,26,1,'2010-02-17 20:12:50',0,NULL,NULL,1),(19,6878,26,30,1,'2010-02-17 20:12:50',0,NULL,NULL,1),(20,6878,30,60,1,'2010-02-17 20:12:50',0,NULL,NULL,1),(21,6878,60,200,1,'2010-02-17 20:12:50',0,NULL,NULL,1),(22,6878,0,5,1,'2010-02-17 20:12:50',0,NULL,NULL,1),(23,6878,5,8,1,'2010-02-17 20:12:50',0,NULL,NULL,1),(24,6878,8,12,1,'2010-02-17 20:12:50',0,NULL,NULL,1),(25,6878,12,14,1,'2010-02-17 20:12:50',0,NULL,NULL,1),(26,6878,14,19,1,'2010-02-17 20:12:50',0,NULL,NULL,1),(27,6878,19,26,1,'2010-02-17 20:12:50',0,NULL,NULL,1),(28,6878,26,30,1,'2010-02-17 20:12:50',0,NULL,NULL,1),(29,6878,30,60,1,'2010-02-17 20:12:50',0,NULL,NULL,1),(30,6878,60,200,1,'2010-02-17 20:12:50',0,NULL,NULL,1),(31,1613,0,12,1,'2010-02-17 20:12:50',0,NULL,NULL,1),(32,1613,12,14,1,'2010-02-17 20:12:50',0,NULL,NULL,1),(33,1613,14,19,1,'2010-02-17 20:12:50',0,NULL,NULL,1),(34,1613,19,26,1,'2010-02-17 20:12:50',0,NULL,NULL,1),(35,1613,26,30,1,'2010-02-17 20:12:50',0,NULL,NULL,1),(36,1613,30,40,1,'2010-02-17 20:12:50',0,NULL,NULL,1),(37,1613,40,60,1,'2010-02-17 20:12:50',0,NULL,NULL,1),(38,1613,60,200,1,'2010-02-17 20:12:50',0,NULL,NULL,1),(39,1610,0,10,1,'2010-02-17 20:12:50',0,NULL,NULL,1),(40,1610,10,15,1,'2010-02-17 20:12:50',0,NULL,NULL,1),(41,1610,15,20,1,'2010-02-17 20:12:50',0,NULL,NULL,1),(42,1610,20,25,1,'2010-02-17 20:12:50',0,NULL,NULL,1),(43,1610,25,30,1,'2010-02-17 20:12:50',0,NULL,NULL,1),(44,1610,30,35,1,'2010-02-17 20:12:50',0,NULL,NULL,1),(45,1610,35,200,1,'2010-02-17 20:12:50',0,NULL,NULL,1),(46,1610,30,200,1,'2010-02-17 20:12:50',0,NULL,NULL,1),(47,2988,0,12,1,'2010-02-17 20:12:50',0,NULL,NULL,1),(48,2988,12,15,1,'2010-02-17 20:12:50',0,NULL,NULL,1),(49,2988,15,20,1,'2010-02-17 20:12:50',0,NULL,NULL,1),(50,2988,20,25,1,'2010-02-17 20:12:50',0,NULL,NULL,1),(51,2988,25,30,1,'2010-02-17 20:12:50',0,NULL,NULL,1),(52,2988,30,35,1,'2010-02-17 20:12:50',0,NULL,NULL,1),(53,2988,35,45,1,'2010-02-17 20:12:50',0,NULL,NULL,1),(54,2988,45,50,1,'2010-02-17 20:12:50',0,NULL,NULL,1),(55,2988,50,200,1,'2010-02-17 20:12:50',0,NULL,NULL,1),(56,6880,0,200,1,'2010-02-17 20:12:50',0,NULL,NULL,1),(57,1612,0,19,1,'2010-02-17 20:12:50',0,NULL,NULL,1),(58,1612,19,26,1,'2010-02-17 20:12:50',0,NULL,NULL,1),(59,1612,26,40,1,'2010-02-17 20:12:50',0,NULL,NULL,1),(60,1612,40,200,1,'2010-02-17 20:12:50',0,NULL,NULL,1),(61,2994,0,200,1,'2010-02-17 20:12:50',0,NULL,NULL,1);
/*!40000 ALTER TABLE `regimen` ENABLE KEYS */;
UNLOCK TABLES;

--
-- Dumping data for table `regimen_drug_order`
--

LOCK TABLES `regimen_drug_order` WRITE;
/*!40000 ALTER TABLE `regimen_drug_order` DISABLE KEYS */;
INSERT INTO `regimen_drug_order` VALUES (1,1,72,1,2,'tab(s)','TWICE A DAY (BD)',0,0,NULL,'1 tab(s) TWICE A DAY (BD)',1,'2010-03-22 18:19:45',0,NULL,NULL,NULL,'accd4908-872f-102d-85a3-97c001c0c082'),(2,2,72,1.5,3,'tab(s)','TWICE A DAY (BD)',0,0,NULL,'1.5 tab(s) TWICE A DAY (BD)',1,'2010-03-22 18:19:45',0,NULL,NULL,NULL,'accd5024-872f-102d-85a3-97c001c0c082'),(3,3,72,2,4,'tab(s)','TWICE A DAY (BD)',0,0,NULL,'2 tab(s) TWICE A DAY (BD)',1,'2010-03-22 18:19:45',0,NULL,NULL,NULL,'accd51c8-872f-102d-85a3-97c001c0c082'),(4,4,72,2.5,5,'tab(s)','TWICE A DAY (BD)',0,0,NULL,'2.5 tab(s) TWICE A DAY (BD)',1,'2010-03-22 18:19:45',0,NULL,NULL,NULL,'accd52ea-872f-102d-85a3-97c001c0c082'),(5,5,72,3,6,'tab(s)','TWICE A DAY (BD)',0,0,NULL,'3 tab(s) TWICE A DAY (BD)',1,'2010-03-22 18:19:45',0,NULL,NULL,NULL,'accd540c-872f-102d-85a3-97c001c0c082'),(6,6,72,4,8,'tab(s)','TWICE A DAY (BD)',0,0,NULL,'4 tab(s) TWICE A DAY (BD)',1,'2010-03-22 18:19:45',0,NULL,NULL,NULL,'accd552e-872f-102d-85a3-97c001c0c082'),(7,7,71,1,1,'tab(s)','IN THE MORNING (QAM)',0,0,NULL,'1 tab(s) IN THE MORNING (QAM)',1,'2010-03-22 18:19:45',0,NULL,NULL,NULL,'accd563c-872f-102d-85a3-97c001c0c082'),(8,7,72,1,1,'tab(s)','IN THE EVENING (QPM)',0,0,NULL,'1 tab(s) IN THE EVENING (QPM)',1,'2010-03-22 18:19:45',0,NULL,NULL,NULL,'accd574a-872f-102d-85a3-97c001c0c082'),(9,8,71,1.5,1.5,'tab(s)','IN THE MORNING (QAM)',0,0,NULL,'1.5 tab(s) IN THE MORNING (QAM)',1,'2010-03-22 18:19:45',0,NULL,NULL,NULL,'accd5876-872f-102d-85a3-97c001c0c082'),(10,8,72,1.5,1.5,'tab(s)','IN THE EVENING (QPM)',0,0,NULL,'1.5 tab(s) IN THE EVENING (QPM)',1,'2010-03-22 18:19:45',0,NULL,NULL,NULL,'accd5984-872f-102d-85a3-97c001c0c082'),(11,9,71,2,2,'tab(s)','IN THE MORNING (QAM)',0,0,NULL,'2 tab(s) IN THE MORNING (QAM)',1,'2010-03-22 18:19:45',0,NULL,NULL,NULL,'accd5a92-872f-102d-85a3-97c001c0c082'),(12,9,72,2,2,'tab(s)','IN THE EVENING (QPM)',0,0,NULL,'2 tab(s) IN THE EVENING (QPM)',1,'2010-03-22 18:19:45',0,NULL,NULL,NULL,'accd5ba0-872f-102d-85a3-97c001c0c082'),(13,10,71,2.5,2.5,'tab(s)','IN THE MORNING (QAM)',0,0,NULL,'2.5 tab(s) IN THE MORNING (QAM)',1,'2010-03-22 18:19:45',0,NULL,NULL,NULL,'accd5d12-872f-102d-85a3-97c001c0c082'),(14,10,72,2.5,2.5,'tab(s)','IN THE EVENING (QPM)',0,0,NULL,'2.5 tab(s) IN THE EVENING (QPM)',1,'2010-03-22 18:19:45',0,NULL,NULL,NULL,'accd5e3e-872f-102d-85a3-97c001c0c082'),(15,11,71,3,3,'tab(s)','IN THE MORNING (QAM)',0,0,NULL,'3 tab(s) IN THE MORNING (QAM)',1,'2010-03-22 18:19:45',0,NULL,NULL,NULL,'accd5f4c-872f-102d-85a3-97c001c0c082'),(16,11,72,3,3,'tab(s)','IN THE EVENING (QPM)',0,0,NULL,'3 tab(s) IN THE EVENING (QPM)',1,'2010-03-22 18:19:45',0,NULL,NULL,NULL,'accd6064-872f-102d-85a3-97c001c0c082'),(17,12,71,4,4,'tab(s)','IN THE MORNING (QAM)',0,0,NULL,'4 tab(s) IN THE MORNING (QAM)',1,'2010-03-22 18:19:45',0,NULL,NULL,NULL,'accd6186-872f-102d-85a3-97c001c0c082'),(18,12,72,4,4,'tab(s)','IN THE EVENING (QPM)',0,0,NULL,'4 tab(s) IN THE EVENING (QPM)',1,'2010-03-22 18:19:45',0,NULL,NULL,NULL,'accd629e-872f-102d-85a3-97c001c0c082'),(19,13,2,0.25,0.25,'tab(s)','ONCE A DAY (OD)',0,0,NULL,'0.25 tab(s) ONCE A DAY (OD)',1,'2010-03-22 18:19:45',0,NULL,NULL,NULL,'accd63b6-872f-102d-85a3-97c001c0c082'),(20,14,2,0.25,0.5,'tab(s)','TWICE A DAY (BD)',0,0,NULL,'0.25 tab(s) TWICE A DAY (BD)',1,'2010-03-22 18:19:45',0,NULL,NULL,NULL,'accd6e06-872f-102d-85a3-97c001c0c082'),(21,15,2,0.75,0.75,'tab(s)','VARIABLE',0,0,NULL,'0.50 tab(s) IN THE MORNING (QAM); 0.25 tab(s) IN THE EVENING (QPM)',1,'2010-03-22 18:19:45',0,NULL,NULL,NULL,'accd6f46-872f-102d-85a3-97c001c0c082'),(22,16,2,0.5,1,'tab(s)','TWICE A DAY (BD)',0,0,NULL,'0.5 tab(s) TWICE A DAY (BD)',1,'2010-03-22 18:19:45',0,NULL,NULL,NULL,'accd705e-872f-102d-85a3-97c001c0c082'),(23,17,2,1.25,1.25,'tab(s)','VARIABLE',0,0,NULL,'0.75 tab(s) IN THE MORNING (QAM); 0.50 tab(s) IN THE EVENING (QPM)',1,'2010-03-22 18:19:45',0,NULL,NULL,NULL,'accd716c-872f-102d-85a3-97c001c0c082'),(24,18,2,0.75,1.5,'tab(s)','TWICE A DAY (BD)',0,0,NULL,'0.75 tab(s) TWICE A DAY (BD)',1,'2010-03-22 18:19:45',0,NULL,NULL,NULL,'accd7284-872f-102d-85a3-97c001c0c082'),(25,19,2,1.75,1.75,'tab(s)','VARIABLE',0,0,NULL,'1.0 tab(s) IN THE MORNING (QAM); 0.75 tab(s) IN THE EVENING (QPM)',1,'2010-03-22 18:19:45',0,NULL,NULL,NULL,'accd7392-872f-102d-85a3-97c001c0c082'),(26,20,2,1,2,'tab(s)','TWICE A DAY (BD)',0,0,NULL,'1 tab(s) TWICE A DAY (BD)',1,'2010-03-22 18:19:45',0,NULL,NULL,NULL,'accd74a0-872f-102d-85a3-97c001c0c082'),(27,21,2,1,2,'tab(s)','TWICE A DAY (BD)',0,0,NULL,'1 tab(s) TWICE A DAY (BD)',1,'2010-03-22 18:19:45',0,NULL,NULL,NULL,'accd7612-872f-102d-85a3-97c001c0c082'),(28,22,2,0.25,0.25,'tab(s)','IN THE EVENING (QPM)',0,0,NULL,'0.25 tab(s) IN THE EVENING (QPM)',1,'2010-03-22 18:19:45',0,NULL,NULL,NULL,'accd772a-872f-102d-85a3-97c001c0c082'),(29,23,2,0.25,0.25,'tab(s)','IN THE EVENING (QPM)',0,0,NULL,'0.25 tab(s) IN THE EVENING (QPM)',1,'2010-03-22 18:19:45',0,NULL,NULL,NULL,'accd7838-872f-102d-85a3-97c001c0c082'),(30,23,70,0.25,0.25,'tab(s)','IN THE MORNING (QAM)',0,0,NULL,'0.25 tab(s) IN THE MORNING (QAM)',1,'2010-03-22 18:19:45',0,NULL,NULL,NULL,'accd7946-872f-102d-85a3-97c001c0c082'),(31,24,2,0.25,0.25,'tab(s)','IN THE EVENING (QPM)',0,0,NULL,'0.25 tab(s) IN THE EVENING (QPM)',1,'2010-03-22 18:19:45',0,NULL,NULL,NULL,'accd7a54-872f-102d-85a3-97c001c0c082'),(32,24,70,0.5,0.5,'tab(s)','IN THE MORNING (QAM)',0,0,NULL,'0.5 tab(s) IN THE MORNING (QAM)',1,'2010-03-22 18:19:45',0,NULL,NULL,NULL,'accd7b6c-872f-102d-85a3-97c001c0c082'),(33,25,2,0.5,0.5,'tab(s)','IN THE EVENING (QPM)',0,0,NULL,'0.5 tab(s) IN THE EVENING (QPM)',1,'2010-03-22 18:19:45',0,NULL,NULL,NULL,'accd7c8e-872f-102d-85a3-97c001c0c082'),(34,25,70,0.5,0.5,'tab(s)','IN THE MORNING (QAM)',0,0,NULL,'0.5 tab(s) IN THE MORNING (QAM)',1,'2010-03-22 18:19:45',0,NULL,NULL,NULL,'accd7d9c-872f-102d-85a3-97c001c0c082'),(35,26,2,0.5,0.5,'tab(s)','IN THE EVENING (QPM)',0,0,NULL,'0.5 tab(s) IN THE EVENING (QPM)',1,'2010-03-22 18:19:45',0,NULL,NULL,NULL,'accd7eb4-872f-102d-85a3-97c001c0c082'),(36,26,70,0.75,0.75,'tab(s)','IN THE MORNING (QAM)',0,0,NULL,'0.75 tab(s) IN THE MORNING (QAM)',1,'2010-03-22 18:19:45',0,NULL,NULL,NULL,'accd7fcc-872f-102d-85a3-97c001c0c082'),(37,27,2,0.75,0.75,'tab(s)','IN THE EVENING (QPM)',0,0,NULL,'0.75 tab(s) IN THE EVENING (QPM)',1,'2010-03-22 18:19:45',0,NULL,NULL,NULL,'accd80e4-872f-102d-85a3-97c001c0c082'),(38,27,70,0.75,0.75,'tab(s)','IN THE MORNING (QAM)',0,0,NULL,'0.75 tab(s) IN THE MORNING (QAM)',1,'2010-03-22 18:19:45',0,NULL,NULL,NULL,'accd81fc-872f-102d-85a3-97c001c0c082'),(39,28,2,0.75,0.75,'tab(s)','IN THE EVENING (QPM)',0,0,NULL,'0.75 tab(s) IN THE EVENING (QPM)',1,'2010-03-22 18:19:45',0,NULL,NULL,NULL,'accd830a-872f-102d-85a3-97c001c0c082'),(40,28,70,1,1,'tab(s)','IN THE MORNING (QAM)',0,0,NULL,'1 tab(s) IN THE MORNING (QAM)',1,'2010-03-22 18:19:45',0,NULL,NULL,NULL,'accd9368-872f-102d-85a3-97c001c0c082'),(41,29,2,1,1,'tab(s)','IN THE EVENING (QPM)',0,0,NULL,'1 tab(s) IN THE EVENING (QPM)',1,'2010-03-22 18:19:45',0,NULL,NULL,NULL,'accd949e-872f-102d-85a3-97c001c0c082'),(42,29,70,1,1,'tab(s)','IN THE MORNING (QAM)',0,0,NULL,'1 tab(s) IN THE MORNING (QAM)',1,'2010-03-22 18:19:45',0,NULL,NULL,NULL,'accd95b6-872f-102d-85a3-97c001c0c082'),(43,30,2,1,1,'tab(s)','IN THE EVENING (QPM)',0,0,NULL,'1 tab(s) IN THE EVENING (QPM)',1,'2010-03-22 18:19:45',0,NULL,NULL,NULL,'accd973c-872f-102d-85a3-97c001c0c082'),(44,30,70,1,1,'tab(s)','IN THE MORNING (QAM)',0,0,NULL,'1 tab(s) IN THE MORNING (QAM)',1,'2010-03-22 18:19:45',0,NULL,NULL,NULL,'accd985e-872f-102d-85a3-97c001c0c082'),(45,31,70,0.75,0.75,'tab(s)','VARIABLE',0,0,NULL,'0.50 tab(s) IN THE MORNING (QAM); 0.25 tab(s) IN THE EVENING (QPM)',1,'2010-03-22 18:19:45',0,NULL,NULL,NULL,'accd9976-872f-102d-85a3-97c001c0c082'),(46,31,11,200,200,'mg','ONCE A DAY (OD)',0,0,NULL,'200 mg ONCE A DAY (OD)',1,'2010-03-22 18:19:45',0,NULL,NULL,NULL,'accd9a8e-872f-102d-85a3-97c001c0c082'),(47,32,70,0.5,1,'tab(s)','TWICE A DAY (BD)',0,0,NULL,'0.5 tab(s) TWICE A DAY (BD)',1,'2010-03-22 18:19:45',0,NULL,NULL,NULL,'accd9ba6-872f-102d-85a3-97c001c0c082'),(48,32,11,200,200,'mg','ONCE A DAY (OD)',0,0,NULL,'200 mg ONCE A DAY (OD)',1,'2010-03-22 18:19:45',0,NULL,NULL,NULL,'accd9cbe-872f-102d-85a3-97c001c0c082'),(49,33,70,1.25,1.25,'tab(s)','VARIABLE',0,0,NULL,'0.75 tab(s) IN THE MORNING (QAM); 0.50 tab(s) IN THE EVENING (QPM)',1,'2010-03-22 18:19:45',0,NULL,NULL,NULL,'accd9de0-872f-102d-85a3-97c001c0c082'),(50,33,11,200,200,'mg','ONCE A DAY (OD)',0,0,NULL,'200 mg ONCE A DAY (OD)',1,'2010-03-22 18:19:45',0,NULL,NULL,NULL,'accd9ef8-872f-102d-85a3-97c001c0c082'),(51,34,70,0.75,1.5,'tab(s)','TWICE A DAY (BD)',0,0,NULL,'0.75 tab(s) TWICE A DAY (BD)',1,'2010-03-22 18:19:45',0,NULL,NULL,NULL,'accda010-872f-102d-85a3-97c001c0c082'),(52,34,11,300,300,'mg','ONCE A DAY (OD)',0,0,NULL,'300 mg ONCE A DAY (OD)',1,'2010-03-22 18:19:45',0,NULL,NULL,NULL,'accda18c-872f-102d-85a3-97c001c0c082'),(53,35,70,1.75,1.75,'tab(s)','VARIABLE',0,0,NULL,'1.0 tab(s) IN THE MORNING (QAM); 0.75 tab(s) IN THE EVENING (QPM)',1,'2010-03-22 18:19:45',0,NULL,NULL,NULL,'accda2b8-872f-102d-85a3-97c001c0c082'),(54,35,11,420,420,'mg','ONCE A DAY (OD)',0,0,NULL,'420 mg ONCE A DAY (OD)',1,'2010-03-22 18:19:45',0,NULL,NULL,NULL,'accda3d0-872f-102d-85a3-97c001c0c082'),(55,36,70,1,2,'tab(s)','TWICE A DAY (BD)',0,0,NULL,'1 tab(s) TWICE A DAY (BD)',1,'2010-03-22 18:19:45',0,NULL,NULL,NULL,'accda4e8-872f-102d-85a3-97c001c0c082'),(56,36,11,420,420,'mg','ONCE A DAY (OD)',0,0,NULL,'420 mg ONCE A DAY (OD)',1,'2010-03-22 18:19:45',0,NULL,NULL,NULL,'accda5f6-872f-102d-85a3-97c001c0c082'),(57,37,70,1,2,'tab(s)','TWICE A DAY (BD)',0,0,NULL,'1 tab(s) TWICE A DAY (BD)',1,'2010-03-22 18:19:45',0,NULL,NULL,NULL,'accda718-872f-102d-85a3-97c001c0c082'),(58,37,11,600,600,'mg','ONCE A DAY (OD)',0,0,NULL,'600 mg ONCE A DAY (OD)',1,'2010-03-22 18:19:45',0,NULL,NULL,NULL,'accdab3c-872f-102d-85a3-97c001c0c082'),(59,38,70,1,2,'tab(s)','TWICE A DAY (BD)',0,0,NULL,'1 tab(s) TWICE A DAY (BD)',1,'2010-03-22 18:19:45',0,NULL,NULL,NULL,'accdac5e-872f-102d-85a3-97c001c0c082'),(60,38,11,600,600,'mg','ONCE A DAY (OD)',0,0,NULL,'600 mg ONCE A DAY (OD)',1,'2010-03-22 18:19:45',0,NULL,NULL,NULL,'accdade4-872f-102d-85a3-97c001c0c082'),(61,39,39,0.75,0.75,'tab(s)','VARIABLE',0,0,NULL,'0.50 tab(s) IN THE MORNING (QAM); 0.25 tab(s) IN THE EVENING (QPM)',1,'2010-03-22 18:19:45',0,NULL,NULL,NULL,'accdc432-872f-102d-85a3-97c001c0c082'),(62,39,22,50,50,'mg','TWICE A DAY (BD)',0,0,NULL,'50 mg TWICE A DAY (BD)',1,'2010-03-22 18:19:45',0,NULL,NULL,NULL,'accdc5cc-872f-102d-85a3-97c001c0c082'),(63,40,39,0.5,1,'tab(s)','TWICE A DAY (BD)',0,0,NULL,'0.5 tab(s) TWICE A DAY (BD)',1,'2010-03-22 18:19:45',0,NULL,NULL,NULL,'accdc6ee-872f-102d-85a3-97c001c0c082'),(64,40,22,50,50,'mg','TWICE A DAY (BD)',0,0,NULL,'50 mg TWICE A DAY (BD)',1,'2010-03-22 18:19:45',0,NULL,NULL,NULL,'accdc7fc-872f-102d-85a3-97c001c0c082'),(65,41,39,1.25,1.25,'tab(s)','VARIABLE',0,0,NULL,'0.75 tab(s) IN THE MORNING (QAM); 0.50 tab(s) IN THE EVENING (QPM)',1,'2010-03-22 18:19:45',0,NULL,NULL,NULL,'accdc928-872f-102d-85a3-97c001c0c082'),(66,41,22,100,100,'mg','TWICE A DAY (BD)',0,0,NULL,'100 mg TWICE A DAY (BD)',1,'2010-03-22 18:19:45',0,NULL,NULL,NULL,'accdca40-872f-102d-85a3-97c001c0c082'),(67,42,39,0.75,1.5,'tab(s)','TWICE A DAY (BD)',0,0,NULL,'0.75 tab(s) TWICE A DAY (BD)',1,'2010-03-22 18:19:45',0,NULL,NULL,NULL,'accdcb58-872f-102d-85a3-97c001c0c082'),(68,42,22,100,100,'mg','TWICE A DAY (BD)',0,0,NULL,'100 mg TWICE A DAY (BD)',1,'2010-03-22 18:19:45',0,NULL,NULL,NULL,'accdce8c-872f-102d-85a3-97c001c0c082'),(69,43,39,1.75,1.75,'tab(s)','VARIABLE',0,0,NULL,'0.75 tab(s) IN THE MORNING (QAM); 0.50 tab(s) IN THE EVENING (QPM)',1,'2010-03-22 18:19:45',0,NULL,NULL,NULL,'accdcfb8-872f-102d-85a3-97c001c0c082'),(70,43,22,150,150,'mg','TWICE A DAY (BD)',0,0,NULL,'150 mg TWICE A DAY (BD)',1,'2010-03-22 18:19:45',0,NULL,NULL,NULL,'accdd148-872f-102d-85a3-97c001c0c082'),(71,44,39,1,2,'tab(s)','TWICE A DAY (BD)',0,0,NULL,'1 tab(s) TWICE A DAY (BD)',1,'2010-03-22 18:19:45',0,NULL,NULL,NULL,'accdd260-872f-102d-85a3-97c001c0c082'),(72,44,22,150,150,'mg','TWICE A DAY (BD)',0,0,NULL,'150 mg TWICE A DAY (BD)',1,'2010-03-22 18:19:45',0,NULL,NULL,NULL,'accdd36e-872f-102d-85a3-97c001c0c082'),(73,45,39,1,2,'tab(s)','TWICE A DAY (BD)',0,0,NULL,'1 tab(s) TWICE A DAY (BD)',1,'2010-03-22 18:19:45',0,NULL,NULL,NULL,'accdd490-872f-102d-85a3-97c001c0c082'),(74,45,22,200,200,'mg','TWICE A DAY (BD)',0,0,NULL,'200 mg TWICE A DAY (BD)',1,'2010-03-22 18:19:45',0,NULL,NULL,NULL,'accdd5b2-872f-102d-85a3-97c001c0c082'),(75,46,104,1,2,'tab(s)','TWICE A DAY (BD)',0,0,NULL,'1 tab(s) TWICE A DAY (BD)',1,'2010-03-22 18:19:45',0,NULL,NULL,NULL,'accdd6c0-872f-102d-85a3-97c001c0c082'),(76,47,40,75,150,'mg','TWICE A DAY (BD)',0,0,NULL,'75 mg TWICE A DAY (BD)',1,'2010-03-22 18:19:45',0,NULL,NULL,NULL,'accdd7ce-872f-102d-85a3-97c001c0c082'),(77,47,9,125,125,'mg','ONCE A DAY (OD)',0,0,NULL,'125 mg ONCE A DAY (OD)',1,'2010-03-22 18:19:45',0,NULL,NULL,NULL,'accdd8f0-872f-102d-85a3-97c001c0c082'),(78,47,73,1.5,1.5,'tab(s)','VARIABLE',0,0,NULL,'1.0 tab(s) IN THE MORNING (QAM); 0.50 tab(s) IN THE EVENING (QPM)',1,'2010-03-22 18:19:45',0,NULL,NULL,NULL,'accdda08-872f-102d-85a3-97c001c0c082'),(79,48,40,225,225,'mg','VARIABLE',0,0,NULL,'150 mg IN THE MORNING (QAM); 75 mg IN THE EVENING (QPM)',1,'2010-03-22 18:19:45',0,NULL,NULL,NULL,'accddb20-872f-102d-85a3-97c001c0c082'),(80,48,9,125,125,'mg','ONCE A DAY (OD)',0,0,NULL,'125 mg ONCE A DAY (OD)',1,'2010-03-22 18:19:45',0,NULL,NULL,NULL,'accddc38-872f-102d-85a3-97c001c0c082'),(81,48,73,1.5,1.5,'tab(s)','VARIABLE',0,0,NULL,'1.0 tab(s) IN THE MORNING (QAM); 0.5 tab(s) IN THE EVENING (QPM)',1,'2010-03-22 18:19:45',0,NULL,NULL,NULL,'accdddc8-872f-102d-85a3-97c001c0c082'),(82,49,40,150,300,'mg','TWICE A DAY (BD)',0,0,NULL,'150 mg TWICE A DAY (BD)',1,'2010-03-22 18:19:45',0,NULL,NULL,NULL,'accddeea-872f-102d-85a3-97c001c0c082'),(83,49,10,200,200,'mg','ONCE A DAY (OD)',0,0,NULL,'200 mg ONCE A DAY (OD)',1,'2010-03-22 18:19:45',0,NULL,NULL,NULL,'accddff8-872f-102d-85a3-97c001c0c082'),(84,49,73,1.5,1.5,'tab(s)','VARIABLE',0,0,NULL,'1.0 tab(s) IN THE MORNING (QAM); 0.5 tab(s) IN THE EVENING (QPM)',1,'2010-03-22 18:19:45',0,NULL,NULL,NULL,'accdfd58-872f-102d-85a3-97c001c0c082'),(85,50,40,225,450,'mg','TWICE A DAY (BD)',0,0,NULL,'225 mg TWICE A DAY (BD)',1,'2010-03-22 18:19:45',0,NULL,NULL,NULL,'accdfe8e-872f-102d-85a3-97c001c0c082'),(86,50,10,200,200,'mg','ONCE A DAY (OD)',0,0,NULL,'200 mg ONCE A DAY (OD)',1,'2010-03-22 18:19:45',0,NULL,NULL,NULL,'accdffa6-872f-102d-85a3-97c001c0c082'),(87,50,73,2.5,2.5,'tab(s)','VARIABLE',0,0,NULL,'1.5 tab(s) IN THE MORNING (QAM); 1.0 tab(s) IN THE EVENING (QPM)',1,'2010-03-22 18:19:45',0,NULL,NULL,NULL,'acce00be-872f-102d-85a3-97c001c0c082'),(88,51,40,225,450,'mg','TWICE A DAY (BD)',0,0,NULL,'225 mg TWICE A DAY (BD)',1,'2010-03-22 18:19:45',0,NULL,NULL,NULL,'acce01d6-872f-102d-85a3-97c001c0c082'),(89,51,9,250,250,'mg','ONCE A DAY (OD)',0,0,NULL,'250 mg ONCE A DAY (OD)',1,'2010-03-22 18:19:45',0,NULL,NULL,NULL,'acce02ee-872f-102d-85a3-97c001c0c082'),(90,51,73,1.5,3,'tab(s)','TWICE A DAY (BD)',0,0,NULL,'1.5 tab(s) TWICE A DAY (BD)',1,'2010-03-22 18:19:45',0,NULL,NULL,NULL,'acce0406-872f-102d-85a3-97c001c0c082'),(91,52,40,525,525,'mg','VARIABLE',0,0,NULL,'300 mg IN THE MORNING (QAM); 225 mg IN THE EVENING (QPM)',1,'2010-03-22 18:19:45',0,NULL,NULL,NULL,'acce058c-872f-102d-85a3-97c001c0c082'),(92,52,9,250,250,'mg','ONCE A DAY (OD)',0,0,NULL,'250 mg ONCE A DAY (OD)',1,'2010-03-22 18:19:45',0,NULL,NULL,NULL,'acce06ae-872f-102d-85a3-97c001c0c082'),(93,52,73,1.5,3,'tab(s)','TWICE A DAY (BD)',0,0,NULL,'1.5 tab(s) TWICE A DAY (BD)',1,'2010-03-22 18:19:45',0,NULL,NULL,NULL,'acce07c6-872f-102d-85a3-97c001c0c082'),(94,53,40,300,600,'mg','TWICE A DAY (BD)',0,0,NULL,'300 mg TWICE A DAY (BD)',1,'2010-03-22 18:19:45',0,NULL,NULL,NULL,'acce08e8-872f-102d-85a3-97c001c0c082'),(95,53,9,250,250,'mg','ONCE A DAY (OD)',0,0,NULL,'250 mg ONCE A DAY (OD)',1,'2010-03-22 18:19:45',0,NULL,NULL,NULL,'acce0a00-872f-102d-85a3-97c001c0c082'),(96,53,73,2,3.5,'tab(s)','VARIABLE',0,0,NULL,'2.0 tab(s) IN THE MORNING (QAM); 1.5 tab(s) IN THE EVENING (QPM)',1,'2010-03-22 18:19:45',0,NULL,NULL,NULL,'acce0b0e-872f-102d-85a3-97c001c0c082'),(97,54,40,300,600,'mg','TWICE A DAY (BD)',0,0,NULL,'300 mg TWICE A DAY (BD)',1,'2010-03-22 18:19:45',0,NULL,NULL,NULL,'acce2436-872f-102d-85a3-97c001c0c082'),(98,54,10,200,200,'mg','ONCE A DAY (OD)',0,0,NULL,'200 mg ONCE A DAY (OD)',1,'2010-03-22 18:19:45',0,NULL,NULL,NULL,'acce2576-872f-102d-85a3-97c001c0c082'),(99,54,73,2,4,'tab(s)','TWICE A DAY (BD)',0,0,NULL,'2 tab(s) TWICE A DAY (BD)',1,'2010-03-22 18:19:45',0,NULL,NULL,NULL,'acce26a2-872f-102d-85a3-97c001c0c082'),(100,55,40,300,600,'mg','TWICE A DAY (BD)',0,0,NULL,'300 mg TWICE A DAY (BD)',1,'2010-03-22 18:19:45',0,NULL,NULL,NULL,'acce27c4-872f-102d-85a3-97c001c0c082'),(101,55,10,400,400,'mg','ONCE A DAY (OD)',0,0,NULL,'400 mg ONCE A DAY (OD)',1,'2010-03-22 18:19:45',0,NULL,NULL,NULL,'acce28f0-872f-102d-85a3-97c001c0c082'),(102,55,73,2,4,'tab(s)','TWICE A DAY (BD)',0,0,NULL,'2 tab(s) TWICE A DAY (BD)',1,'2010-03-22 18:19:45',0,NULL,NULL,NULL,'acce2a80-872f-102d-85a3-97c001c0c082'),(103,56,39,1,2,'tab(s)','TWICE A DAY (BD)',0,0,NULL,'1 tab(s) TWICE A DAY (BD)',1,'2010-03-22 18:19:45',0,NULL,NULL,NULL,'acce2ba2-872f-102d-85a3-97c001c0c082'),(104,56,14,300,300,'mg','ONCE A DAY (OD)',0,0,NULL,'300 mg ONCE A DAY (OD)',1,'2010-03-22 18:19:45',0,NULL,NULL,NULL,'acce2cc4-872f-102d-85a3-97c001c0c082'),(105,56,73,2,4,'tab(s)','TWICE A DAY (BD)',0,0,NULL,'2 tab(s) TWICE A DAY (BD)',1,'2010-03-22 18:19:45',0,NULL,NULL,NULL,'acce2de6-872f-102d-85a3-97c001c0c082'),(106,57,39,1,2,'tab(s)','TWICE A DAY (BD)',0,0,NULL,'1 tab(s) TWICE A DAY (BD)',1,'2010-03-22 18:19:45',0,NULL,NULL,NULL,'acce2f08-872f-102d-85a3-97c001c0c082'),(107,57,11,200,200,'mg','ONCE A DAY (OD)',0,0,NULL,'200 mg ONCE A DAY (OD)',1,'2010-03-22 18:19:45',0,NULL,NULL,NULL,'acce3020-872f-102d-85a3-97c001c0c082'),(108,58,39,1,2,'tab(s)','TWICE A DAY (BD)',0,0,NULL,'1 tab(s) TWICE A DAY (BD)',1,'2010-03-22 18:19:45',0,NULL,NULL,NULL,'acce582a-872f-102d-85a3-97c001c0c082'),(109,58,11,300,300,'mg','ONCE A DAY (OD)',0,0,NULL,'300 mg ONCE A DAY (OD)',1,'2010-03-22 18:19:45',0,NULL,NULL,NULL,'acce597e-872f-102d-85a3-97c001c0c082'),(110,59,39,1,2,'tab(s)','TWICE A DAY (BD)',0,0,NULL,'1 tab(s) TWICE A DAY (BD)',1,'2010-03-22 18:19:45',0,NULL,NULL,NULL,'acce5afa-872f-102d-85a3-97c001c0c082'),(111,59,11,420,420,'mg','ONCE A DAY (OD)',0,0,NULL,'420 mg ONCE A DAY (OD)',1,'2010-03-22 18:19:45',0,NULL,NULL,NULL,'acce5c26-872f-102d-85a3-97c001c0c082'),(112,60,39,1,2,'tab(s)','TWICE A DAY (BD)',0,0,NULL,'1 tab(s) TWICE A DAY (BD)',1,'2010-03-22 18:19:45',0,NULL,NULL,NULL,'acce5d48-872f-102d-85a3-97c001c0c082'),(113,60,11,600,600,'mg','ONCE A DAY (OD)',0,0,NULL,'600 mg ONCE A DAY (OD)',1,'2010-03-22 18:19:45',0,NULL,NULL,NULL,'acce5e6a-872f-102d-85a3-97c001c0c082'),(114,61,39,1,2,'tab(s)','TWICE A DAY (BD)',0,0,NULL,'1 tab(s) TWICE A DAY (BD)',1,'2010-03-22 18:19:45',0,NULL,NULL,NULL,'acce5f96-872f-102d-85a3-97c001c0c082'),(115,61,73,2,4,'tab(s)','TWICE A DAY (BD)',0,0,NULL,'2 tab(s) TWICE A DAY (BD)',1,'2010-03-22 18:19:45',0,NULL,NULL,NULL,'acce60a4-872f-102d-85a3-97c001c0c082');
/*!40000 ALTER TABLE `regimen_drug_order` ENABLE KEYS */;
UNLOCK TABLES;

--
-- Dumping data for table `role`
--

-- LOCK TABLES `role` WRITE;
/*!40000 ALTER TABLE `role` DISABLE KEYS */;
-- INSERT INTO `role` VALUES ('Accompagnateur','Community health worker','b6228da8-2d56-11df-b63b-0026181bb84d'),('Accompagnateur Leader','Responsible for overseeing up to 30 Accompagnateurs','b6229190-2d56-11df-b63b-0026181bb84d'),('Anonymous','Privileges for non-authenticated users.','774b2af3-6437-4e5a-a310-547554c7c65c'),('Authenticated','Privileges gained once authentication has been established.','f7fd42ef-880e-40c5-972d-e4ae7c990de2'),('Clinician','Users who are a part of direct patient care.','b622982a-2d56-11df-b63b-0026181bb84d'),('Data Assistant','Clerks who perform data entry.','b6229a46-2d56-11df-b63b-0026181bb84d'),('Data Element Contributor','Role for users who contribute to the management of data elements in OpenMRS.','b6229c94-2d56-11df-b63b-0026181bb84d'),('Data Manager','User who maintains clinical data stored within the OpenMRS repository.','b6229ee2-2d56-11df-b63b-0026181bb84d'),('Doctor','People in direct care of patient. According to the Malawian context, this is a user who has acquired medical training to level of MBBS.','b622a0ea-2d56-11df-b63b-0026181bb84d'),('Informatics Manager','User who maintains the local installation of the OpenMRS repository.','b622a2fc-2d56-11df-b63b-0026181bb84d'),('Lab','Lab technicians and assistants','b622a522-2d56-11df-b63b-0026181bb84d'),('Medical Assistant','Medical Assistants','b622a720-2d56-11df-b63b-0026181bb84d'),('Nurse','Nursing Officers and Technicians','b622a932-2d56-11df-b63b-0026181bb84d'),('Program Manager','Has permission to view most/all data, but no permission for entry or editing.','b622ab26-2d56-11df-b63b-0026181bb84d'),('Provider','Health care provider','8d94f280-c2cc-11de-8d13-0010c6dffd0f'),('regstration_clerk','This is a user responsible for registering patients at the patient registration station. mostly used in Baobab applications. This is probably an equivalent of Data Assistant','b622af54-2d56-11df-b63b-0026181bb84d'),('Social Worker','Social Worker','b622b184-2d56-11df-b63b-0026181bb84d'),('Superuser','This is a user who has access to all Baobab developed applications\' functionality','b622b396-2d56-11df-b63b-0026181bb84d'),('System Developer','Developers of the OpenMRS .. have additional access to change fundamental structure of the database model.','8d94f852-c2cc-11de-8d13-0010c6dffd0f');
/*!40000 ALTER TABLE `role` ENABLE KEYS */;
-- UNLOCK TABLES;

--
-- Dumping data for table `role_privilege`
--

-- LOCK TABLES `role_privilege` WRITE;
/*!40000 ALTER TABLE `role_privilege` DISABLE KEYS */;
-- INSERT INTO `role_privilege` VALUES ('Anonymous','View Concepts'),('Authenticated','View Concept Classes'),('Authenticated','View Concept Datatypes'),('Authenticated','View Encounter Types'),('Authenticated','View Field Types'),('Authenticated','View Global Properties'),('Authenticated','View Identifier Types'),('Authenticated','View Locations'),('Authenticated','View Order Types'),('Authenticated','View Person Attribute Types'),('Authenticated','View Privileges'),('Authenticated','View Relationship Types'),('Authenticated','View Relationships'),('Authenticated','View Roles'),('Data Assistant','Add Encounters'),('Data Assistant','Add Observations'),('Data Assistant','Add Orders'),('Data Assistant','Add Patients'),('Data Assistant','Add Relationships'),('Data Assistant','Analysis Shortcut'),('Data Assistant','Analyze'),('Data Assistant','Delete Encounters'),('Data Assistant','Delete Observations'),('Data Assistant','Delete Orders'),('Data Assistant','Delete Patients'),('Data Assistant','Delete People'),('Data Assistant','Delete Relationships'),('Data Assistant','Edit Encounters'),('Data Assistant','Edit Observations'),('Data Assistant','Edit Orders'),('Data Assistant','Edit Patient Programs'),('Data Assistant','Edit Patients'),('Data Assistant','Edit People'),('Data Assistant','Edit Relationships'),('Data Assistant','Find Patient Shortcut'),('Data Assistant','Form Entry'),('Data Assistant','Manage Forms'),('Data Assistant','Manage Groups'),('Data Assistant','Patient Dashboard - View Demographics Section'),('Data Assistant','Patient Dashboard - View Encounters Section'),('Data Assistant','Patient Dashboard - View Forms Section'),('Data Assistant','Patient Dashboard - View Graphs Section'),('Data Assistant','Patient Dashboard - View Overview Section'),('Data Assistant','Patient Dashboard - View Patient Summary'),('Data Assistant','Patient Dashboard - View Regimen Section'),('Data Assistant','View Concepts'),('Data Assistant','View Encounters'),('Data Assistant','View Forms'),('Data Assistant','View Navigation Menu'),('Data Assistant','View Observations'),('Data Assistant','View Orders'),('Data Assistant','View Patient Cohorts'),('Data Assistant','View Patient Identifiers'),('Data Assistant','View Patient Sets'),('Data Assistant','View Patients'),('Data Assistant','View People'),('Data Assistant','View Programs'),('Data Assistant','View Unpublished Forms'),('Data Element Contributor','Manage Forms'),('Data Element Contributor','Patient Dashboard - View Demographics Section'),('Data Element Contributor','Patient Dashboard - View Encounters Section'),('Data Element Contributor','Patient Dashboard - View Forms Section'),('Data Element Contributor','Patient Dashboard - View Graphs Section'),('Data Element Contributor','Patient Dashboard - View Overview Section'),('Data Element Contributor','Patient Dashboard - View Patient Summary'),('Data Element Contributor','Patient Dashboard - View Regimen Section'),('Data Element Contributor','View Administration Functions'),('Data Element Contributor','View Concept Classes'),('Data Element Contributor','View Concept Datatypes'),('Data Element Contributor','View Concept Proposals'),('Data Element Contributor','View Concept Sources'),('Data Element Contributor','View Concepts'),('Data Element Contributor','View Encounter Types'),('Data Element Contributor','View Encounters'),('Data Element Contributor','View Field Types'),('Data Element Contributor','View Forms'),('Data Element Contributor','View Identifier Types'),('Data Element Contributor','View Locations'),('Data Element Contributor','View Navigation Menu'),('Data Element Contributor','View Observations'),('Data Element Contributor','View Order Types'),('Data Element Contributor','View Patient Cohorts'),('Data Element Contributor','View Patient Identifiers'),('Data Element Contributor','View Patient Programs'),('Data Element Contributor','View Patient Sets'),('Data Element Contributor','View Patients'),('Data Element Contributor','View People'),('Data Element Contributor','View Person Attribute Types'),('Data Element Contributor','View Programs'),('Data Element Contributor','View Relationship Types'),('Data Element Contributor','View Relationships'),('Data Element Contributor','View Report Objects'),('Data Element Contributor','View Reports'),('Data Element Contributor','View Users'),('Data Manager','Add Observations'),('Data Manager','Add Patients'),('Data Manager','Add Reports'),('Data Manager','Delete Observations'),('Data Manager','Delete Reports'),('Data Manager','Edit Observations'),('Data Manager','Edit Patients'),('Data Manager','Edit Reports'),('Data Manager','Form Entry'),('Data Manager','Manage Concepts'),('Data Manager','Manage Locations'),('Data Manager','View Forms'),('Data Manager','View Observations'),('Data Manager','View Patient Identifiers'),('Data Manager','View Patients'),('Data Manager','View Reports'),('Informatics Manager','Add Encounters'),('Informatics Manager','Add Observations'),('Informatics Manager','Add Patients'),('Informatics Manager','Add Reports'),('Informatics Manager','Add Users'),('Informatics Manager','Delete Encounters'),('Informatics Manager','Delete Patients'),('Informatics Manager','Delete Reports'),('Informatics Manager','Delete Users'),('Informatics Manager','Edit Encounters'),('Informatics Manager','Edit Patients'),('Informatics Manager','Edit Reports'),('Informatics Manager','Edit Users'),('Informatics Manager','Form Entry'),('Informatics Manager','Manage Concepts'),('Informatics Manager','Manage Locations'),('Informatics Manager','View Concepts'),('Informatics Manager','View Encounters'),('Informatics Manager','View Forms'),('Informatics Manager','View Orders'),('Informatics Manager','View Patient Identifiers'),('Informatics Manager','View Patients'),('Informatics Manager','View Reports'),('Informatics Manager','View Users'),('Program Manager','Analyze'),('Program Manager','Find Patient Shortcut'),('Program Manager','Patient Dashboard - View Demographics Section'),('Program Manager','Patient Dashboard - View Encounters Section'),('Program Manager','Patient Dashboard - View Forms Section'),('Program Manager','Patient Dashboard - View Graphs Section'),('Program Manager','Patient Dashboard - View Overview Section'),('Program Manager','Patient Dashboard - View Patient Summary'),('Program Manager','Patient Dashboard - View Regimen Section'),('Program Manager','View Administration Functions'),('Program Manager','View Concepts'),('Program Manager','View Encounters'),('Program Manager','View Forms'),('Program Manager','View Navigation Menu'),('Program Manager','View Observations'),('Program Manager','View Orders'),('Program Manager','View Patient Identifiers'),('Program Manager','View Patient Sets'),('Program Manager','View Patients'),('Program Manager','View Programs'),('Program Manager','View Reports'),('Program Manager','View Unpublished Forms'),('Program Manager','View Users');
/*!40000 ALTER TABLE `role_privilege` ENABLE KEYS */;
-- UNLOCK TABLES;

--
-- Dumping data for table `weight_for_heights`
--

LOCK TABLES `weight_for_heights` WRITE;
/*!40000 ALTER TABLE `weight_for_heights` DISABLE KEYS */;
INSERT INTO `weight_for_heights` VALUES (85,12),(85.5,12.1),(86,12.2),(86.5,12.3),(87,12.4),(87.5,12.5),(88,12.6),(88.5,12.8),(89,12.9),(89.5,13),(90,13.1),(90.5,13.2),(91,13.3),(91.5,13.4),(92,13.6),(92.5,13.7),(93,13.8),(93.5,13.9),(94,14),(94.5,14.2),(95,14.3),(95.5,14.4),(96,14.5),(96.5,14.7),(97,14.8),(97.5,14.9),(98,15),(98.5,15.2),(99,15.3),(99.5,15.4),(100,15.6),(100.5,15.7),(101,15.8),(101.5,16),(102,16.1),(102.5,16.2),(103,16.4),(103.5,16.5),(104,16.7),(104.5,16.8),(105,16.9),(105.5,17.1),(106,17.2),(106.5,17.4),(107,17.5),(107.5,17.7),(108,17.8),(108.5,18),(109,18.1),(109.5,18.3),(110,18.4),(110.5,18.6),(111,18.8),(111.5,18.9),(112,19.1),(112.5,19.3),(113,19.4),(113.5,19.6),(114,19.8),(114.5,19.9),(115,20.1),(115.5,20.3),(116,20.5),(116.5,20.7),(117,20.8),(117.5,21),(118,21.2),(118.5,21.4),(119,21.6),(119.5,21.8),(120,22),(120.5,22.2),(121,22.4),(121.5,22.6),(122,22.8),(122.5,23.1),(123,23.3),(123.5,23.5),(124,23.7),(124.5,24),(125,24.2),(125.5,24.4),(126,24.7),(126.5,24.9),(127,25.2),(127.5,25.4),(128,25.7),(128.5,26),(129,26.2),(129.5,26.5),(130,26.8);
/*!40000 ALTER TABLE `weight_for_heights` ENABLE KEYS */;
UNLOCK TABLES;

--
-- Dumping data for table `weight_height_for_ages`
--

LOCK TABLES `weight_height_for_ages` WRITE;
/*!40000 ALTER TABLE `weight_height_for_ages` DISABLE KEYS */;
INSERT INTO `weight_height_for_ages` VALUES (49,'0',103.56714630127,4.29259014129639,4.29155015945435,16.8606796264648,1.9193400144577,2.07207989692688,'0490'),(117,'1',136.760711669922,6.76817989349365,6.76702976226807,31.4894199371338,5.07831001281738,7.94876003265381,'1171'),(148,'0',151.904296875,7.78452014923096,7.78430986404419,41.4223098754883,6.77545976638794,10.4334201812744,'1480'),(42,'0',99.0802993774414,4.05146980285645,4.04974985122681,15.6781797409058,1.76418995857239,1.91785001754761,'0420'),(196,'1',162.614974975586,6.57524013519287,6.57445001602173,56.2957611083984,7.92106008529663,12.3688097000122,'1961'),(149,'1',154.090698242188,6.74563980102539,6.74657011032104,43.4533882141113,7.32434988021851,11.2587699890137,'1491'),(18,'1',80.9249877929688,3.06872010231018,3.06891989707947,10.8252000808716,1.17022001743317,1.13127994537354,'0181'),(84,'0',121.695167541504,5.09262990951538,5.09321022033691,22.8519306182861,2.63072991371155,3.67189002037048,'0840'),(54,'1',105.083000183105,4.21460008621216,4.20885992050171,16.8117198944092,1.81002998352051,2.56537008285522,'0541'),(141,'0',147.993606567383,7.28790998458862,7.28783988952637,38.5970611572266,6.26874017715454,9.72418022155762,'1410'),(9,'1',70.4486999511719,2.73268008232117,2.73374009132385,8.55978965759277,0.966069996356964,0.990710020065308,'0091'),(173,'0',165.697723388672,8.43292045593262,8.433349609375,53.2671585083008,8.13414001464844,12.1494197845459,'1730'),(148,'1',153.597885131836,6.75987005233765,6.76068019866943,43.0701293945312,7.27202987670898,11.1915197372437,'1481'),(213,'0',176.817031860352,6.54231023788452,6.54186010360718,68.3759994506836,8.95569038391113,13.911789894104,'2130'),(3,'1',59.5486793518066,2.48329997062683,2.48396992683411,5.39908981323242,0.745069980621338,0.775550007820129,'0031'),(78,'1',117.631683349609,5.19321012496948,5.19620990753174,20.6062507629395,2.47707009315491,3.71540999412537,'0781'),(150,'0',153.042526245117,7.9199800491333,7.91975021362305,42.273811340332,6.91245985031128,10.6199903488159,'1500'),(118,'0',136.602096557617,6.02640008926392,6.02670001983643,30.855339050293,4.49777984619141,7.05360984802246,'1180'),(10,'0',73.6330184936523,2.64626002311707,2.64869999885559,9.5388298034668,0.979669988155365,1.06255996227264,'0100'),(197,'0',174.920074462891,6.86498022079468,6.86599016189575,64.0355987548828,8.7792797088623,13.121410369873,'1970'),(55,'0',107.131629943848,4.46753978729248,4.46697998046875,17.8516807556152,2.03041005134583,2.23962998390198,'0550'),(42,'1',97.9363174438477,3.8907299041748,3.87896990776062,15.0695600509644,1.59165000915527,2.16646003723145,'0421'),(4,'0',63.6929817199707,2.68073010444641,2.6826798915863,6.68059015274048,0.988340020179749,0.918470025062561,'0040'),(173,'1',161.115707397461,6.71259021759033,6.71002006530762,51.8151206970215,8.10000038146973,12.191370010376,'1731'),(149,'0',152.472732543945,7.85297012329102,7.85274982452393,41.8455390930176,6.84446001052856,10.5277004241943,'1490'),(19,'0',83.3401184082031,3.10301995277405,3.10240006446838,11.6587295532227,1.20652997493744,1.24161005020142,'0190'),(10,'1',71.7784271240234,2.7639799118042,2.76455998420715,8.91994953155518,0.995159983634949,1.00870001316071,'0101'),(4,'1',61.9725112915039,2.54855990409851,2.55047988891602,6.0492901802063,0.795369982719421,0.841690003871918,'0041'),(150,'1',154.570755004883,6.73199987411499,6.73301982879639,43.8356704711914,7.37511014938354,11.3232803344727,'1501'),(141,'1',149.873992919922,6.86286020278931,6.86257982254028,40.3787384033203,6.86332988739014,10.6402502059937,'1411'),(204,'1',163.060607910156,6.33369016647339,6.33656978607178,56.6875,7.66695976257324,12.3800296783447,'2041'),(197,'1',162.668395996094,6.5489501953125,6.54868984222412,56.3732299804688,7.89272022247314,12.3712596893311,'1971'),(55,'1',105.642082214355,4.2458701133728,4.24084997177124,16.9528102874756,1.8293000459671,2.5999801158905,'0551'),(118,'1',137.274444580078,6.79101991653442,6.78976011276245,31.8394107818604,5.15827989578247,8.07458019256592,'1181'),(109,'1',132.730895996094,6.53879976272583,6.53878021240234,28.7860298156738,4.44216012954712,6.93709993362427,'1091'),(174,'0',166.192993164062,8.39111995697021,8.39163970947266,53.7646293640137,8.17259979248047,12.195369720459,'1740'),(198,'0',175.152297973633,6.80927991867065,6.81014013290405,64.3934631347656,8.79500007629395,13.1640300750732,'1980'),(34,'1',92.4795227050781,3.6516900062561,3.64758992195129,13.7594203948975,1.43213999271393,1.87319004535675,'0341'),(79,'0',119.415077209473,4.99469995498657,4.99520015716553,21.9223804473877,2.49027991294861,3.33766007423401,'0790'),(5,'1',64.0827026367188,2.59984993934631,2.60232996940613,6.65408992767334,0.835820019245148,0.88688999414444,'0051'),(11,'0',74.8825302124023,2.66475009918213,2.66696000099182,9.86044025421143,0.994989991188049,1.08617997169495,'0110'),(5,'0',65.9093704223633,2.691890001297,2.69420003890991,7.29685020446777,0.988929986953735,0.949530005455017,'0050'),(26,'0',87.2475280761719,3.30258011817932,3.29875993728638,12.742730140686,1.21887004375458,1.69154000282288,'0260'),(199,'1',162.777862548828,6.49218988418579,6.49298000335693,56.5016288757324,7.83248996734619,12.3753499984741,'1991'),(125,'0',139.850524902344,6.33614015579224,6.33627986907959,32.979621887207,5.03159999847412,7.88943004608154,'1250'),(104,'1',130.268936157227,6.35945987701416,6.36028003692627,27.1964206695557,4.05615997314453,6.31507015228271,'1041'),(102,'0',129.561996459961,5.49893999099731,5.49951982498169,26.6600093841553,3.41936993598938,5.2467999458313,'1020'),(134,'0',144.285415649414,6.8257999420166,6.82569980621338,36.0018310546875,5.73333978652954,8.94703006744385,'1340'),(198,'1',162.722732543945,6.52121019363403,6.52148008346558,56.4417114257812,7.86316013336182,12.3734502792358,'1981'),(26,'1',86.208381652832,3.31268000602722,3.33613991737366,12.2253503799438,1.23271000385284,1.51092004776001,'0261'),(159,'1',158.161834716797,6.65884017944336,6.65958023071289,47.1929817199707,7.76125001907349,11.7911100387573,'1591'),(6,'0',67.8181304931641,2.68512010574341,2.6876699924469,7.84554004669189,0.975629985332489,0.97163999080658,'0060'),(125,'1',140.948104858398,6.90856981277466,6.90680980682373,34.3516693115234,5.71265983581543,8.93665981292725,'1251'),(64,'1',110.510498046875,4.57310009002686,4.57289981842041,18.2523193359375,2.02590990066528,2.94696998596191,'0641'),(200,'0',175.571823120117,6.70969009399414,6.71018981933594,65.0771865844727,8.82413005828857,13.2519702911377,'2000'),(102,'1',129.292770385742,6.28140020370483,6.28254985809326,26.585090637207,3.90618991851807,6.07190990447998,'1021'),(160,'0',158.736282348633,8.44874954223633,8.44861030578613,46.8382606506348,7.5265097618103,11.4188604354858,'1600'),(105,'0',130.859466552734,5.58222007751465,5.58276987075806,27.382209777832,3.59977006912231,5.56484985351562,'1050'),(27,'0',88.05908203125,3.35893988609314,3.35526990890503,12.9395799636841,1.26341998577118,1.70178997516632,'0270'),(65,'0',112.581283569336,4.71066999435425,4.71070003509521,19.5005798339844,2.20067000389099,2.60542988777161,'0650'),(199,'0',175.369659423828,6.75740003585815,6.75809001922607,64.7407913208008,8.80994033813477,13.20751953125,'1990'),(126,'0',140.327438354492,6.38517999649048,6.38529014587402,33.2988014221191,5.1092700958252,8.00868034362793,'1260'),(160,'1',158.46989440918,6.65769004821777,6.65826988220215,47.5524597167969,7.79617023468018,11.8316402435303,'1601'),(29,'1',88.6696624755859,3.4559600353241,3.46619009971619,12.8325700759888,1.31374001502991,1.65742003917694,'0291'),(103,'0',129.994018554688,5.52603006362915,5.5265998840332,26.8976497650146,3.47812008857727,5.35137987136841,'1030'),(65,'1',111.035171508789,4.6137900352478,4.61396980285645,18.4032192230225,2.05121994018555,2.9909200668335,'0651'),(27,'1',87.0444412231445,3.36291003227234,3.38154006004333,12.432430267334,1.2606600522995,1.5613499879837,'0271'),(184,'1',162.031356811523,6.7407398223877,6.73657989501953,54.56787109375,8.13181018829346,12.3184099197388,'1841'),(89,'1',123.000900268555,5.71217012405396,5.71506977081299,23.0081005096436,3.02866005897522,4.63368988037109,'0891'),(161,'0',159.297317504883,8.48138046264648,8.48128032684326,47.3204498291016,7.58071994781494,11.4859399795532,'1610'),(46,'0',101.690032958984,4.19462013244629,4.19329977035522,16.3586406707764,1.85710000991821,2.00095009803772,'0460'),(210,'1',163.398361206055,6.13591003417969,6.13875007629395,56.7159881591797,7.45770978927612,12.372730255127,'2101'),(22,'1',84.7160110473633,3.21539998054504,3.21661996841431,11.5488700866699,1.21642994880676,1.22801995277405,'0221'),(115,'1',135.740539550781,6.71836996078491,6.71746015548706,30.7969799041748,4.91834020614624,7.69610977172852,'1151'),(122,'0',138.440185546875,6.19643020629883,6.19664001464844,32.0459785461426,4.80028009414673,7.53083992004395,'1220'),(40,'0',97.7270889282227,3.97404003143311,3.97210001945496,15.3319301605225,1.71258997917175,1.88092005252838,'0400'),(46,'1',100.429100036621,3.99458003044128,3.9836699962616,15.6687803268433,1.66413998603821,2.29984998703003,'0461'),(16,'1',78.8583679199219,2.98912000656128,2.98899006843567,10.448390007019,1.13700997829437,1.09622001647949,'0161'),(153,'0',154.756500244141,8.10947036743164,8.10923004150391,43.5892601013184,7.10993003845215,10.8841896057129,'1530'),(170,'1',160.696746826172,6.69438982009888,6.69259023666382,50.9120407104492,8.05500984191895,12.1326503753662,'1701'),(23,'0',86.8231201171875,3.3275101184845,3.32655000686646,12.4097099304199,1.30950999259949,1.27983999252319,'0230'),(211,'0',176.770004272461,6.51993989944458,6.51873016357422,67.9917984008789,8.93885040283203,13.8071699142456,'2110'),(58,'0',108.826568603516,4.54598999023438,4.54562997817993,18.3444805145264,2.08189010620117,2.33729004859924,'0580'),(75,'1',116.140731811523,5.05340003967285,5.05607986450195,20.0484294891357,2.36019992828369,3.518630027771,'0751'),(145,'1',152.052825927734,6.80448007583618,6.80487012863159,41.9167594909668,7.10587978363037,10.9728603363037,'1451'),(116,'0',135.698684692383,5.94786977767944,5.94821977615356,30.2824897766113,4.35000991821289,6.8167200088501,'1160'),(1,'0',54.5649108886719,2.45508003234863,2.45526003837585,4.29049015045166,0.684560000896454,0.669409990310669,'0010'),(52,'0',105.379753112793,4.38331985473633,4.38253021240234,17.3577194213867,1.97667002677917,2.1514298915863,'0520'),(122,'1',139.356033325195,6.8676700592041,6.86604976654053,33.2624702453613,5.47677993774414,8.57217025756836,'1221'),(40,'1',96.6362609863281,3.83652997016907,3.82529997825623,14.7580995559692,1.55417001247406,2.09740996360779,'0401'),(177,'0',167.633453369141,8.23935031890869,8.24015045166016,55.2466888427734,8.28137969970703,12.327130317688,'1770'),(171,'0',164.68635559082,8.50123977661133,8.50148963928223,52.2693290710449,8.05381965637207,12.054030418396,'1710'),(47,'0',102.323127746582,4.22811985015869,4.22690010070801,16.5266609191895,1.87847995758057,2.02378988265991,'0470'),(17,'0',81.4444732666016,2.97040009498596,2.97041010856628,11.2767200469971,1.14927995204926,1.21243000030518,'0170'),(82,'0',120.790893554688,5.05321979522705,5.05377006530762,22.4748191833496,2.57136988639832,3.53321003913879,'0820'),(76,'0',118.012641906738,4.93624019622803,4.93667984008789,21.3840999603271,2.41752004623413,3.15649008750916,'0760'),(23,'1',85.6043472290039,3.24710011482239,3.24858999252319,11.7262697219849,1.2253600358963,1.25643002986908,'0231'),(139,'1',148.751434326172,6.88884019851685,6.8882098197937,39.6120185852051,6.7337498664856,10.4572296142578,'1391'),(153,'1',155.924575805664,6.6960301399231,6.69722986221313,44.9742317199707,7.51806020736694,11.5010795593262,'1531'),(52,'1',103.95223236084,4.15530014038086,4.14837980270386,16.5294094085693,1.77249002456665,2.4975700378418,'0521'),(146,'0',150.772964477539,7.64435005187988,7.64416980743408,40.5907707214355,6.63465023040771,10.2392101287842,'1460'),(211,'1',163.452667236328,6.10445976257324,6.10687017440796,56.7060012817383,7.4234299659729,12.3699102401733,'2111'),(58,'1',107.29630279541,4.34630012512207,4.34317016601562,17.3779392242432,1.88960003852844,2.70759010314941,'0581'),(194,'1',162.511383056641,6.6228199005127,6.6210298538208,56.1121788024902,7.97356986999512,12.3631801605225,'1941'),(1,'1',53.5477104187012,2.29743003845215,2.29287004470825,3.98305988311768,0.597670018672943,0.547029972076416,'0011'),(171,'1',160.84700012207,6.70048999786377,6.69842004776001,51.2192993164062,8.07170963287354,12.1536302566528,'1711'),(177,'1',161.542251586914,6.73339986801147,6.72993993759155,52.925350189209,8.13601016998291,12.2516803741455,'1771'),(76,'1',116.639427185059,5.09975004196167,5.10256004333496,20.2304306030273,2.39773988723755,3.58195996284485,'0761'),(82,'1',119.598510742188,5.38210010528564,5.38527011871338,21.4100704193115,2.65408992767334,4.01165008544922,'0821'),(53,'0',105.970268249512,4.41207981109619,4.41136980056763,17.5226192474365,1.99492001533508,2.17982006072998,'0530'),(73,'1',115.137702941895,4.96168994903564,4.96405982971191,19.695369720459,2.28912997245789,3.39836001396179,'0731'),(192,'1',162.412994384766,6.66261005401611,6.6599497795105,55.8875999450684,8.019700050354,12.3566999435425,'1921'),(37,'1',94.609260559082,3.74930000305176,3.74046993255615,14.2721300125122,1.4953099489212,1.98907995223999,'0371'),(131,'0',142.76936340332,6.65010023117065,6.65008020401001,34.9563903808594,5.49952983856201,8.59955024719238,'1310'),(97,'1',126.866676330566,6.07324981689453,6.07519006729126,25.1239891052246,3.54613995552063,5.48496007919312,'0971'),(38,'0',96.3401565551758,3.89242005348206,3.89024996757507,14.980899810791,1.65705001354218,1.8468199968338,'0380'),(202,'1',162.946594238281,6.39910984039307,6.40129995346069,56.6342086791992,7.73511981964111,12.3791904449463,'2021'),(84,'1',120.574729919434,5.47687005996704,5.48003005981445,21.8409004211426,2.75255990028381,4.17568016052246,'0841'),(169,'0',163.649337768555,8.54683017730713,8.54689979553223,51.270149230957,7.96889019012451,11.9534196853638,'1690'),(137,'0',145.844314575195,7.01494979858398,7.01477003097534,37.086841583252,5.96515989303589,9.2867603302002,'1370'),(107,'1',131.741912841797,6.46997976303101,6.470290184021,28.1401100158691,4.28613996505737,6.68635988235474,'1071'),(156,'1',157.128005981445,6.67058992385864,6.67164993286133,46.0954513549805,7.6468300819397,11.6564903259277,'1561'),(74,'0',117.061012268066,4.89694976806641,4.89732980728149,21.0321598052979,2.37298989295959,3.04341006278992,'0740'),(113,'1',134.729385375977,6.66332006454468,6.66269016265869,30.1151504516602,4.75869989395142,7.44275999069214,'1131'),(32,'0',91.9658126831055,3.62026000022888,3.61732006072998,13.8935098648071,1.46280002593994,1.75970995426178,'0320'),(61,'1',108.918190002441,4.45574998855591,4.45420980453491,17.8095207214355,1.95471000671387,2.82255005836487,'0611'),(193,'0',173.848587036133,7.11894989013672,7.1203498840332,62.5062789916992,8.70843982696533,12.9579601287842,'1930'),(92,'0',125.233200073242,5.25813007354736,5.25876998901367,24.4431400299072,2.91895008087158,4.29694986343384,'0920'),(208,'1',163.287536621094,6.20075988769531,6.20405006408691,56.7250213623047,7.52725982666016,12.3769302368164,'2081'),(131,'1',144.223663330078,6.94296979904175,6.94132995605469,36.5764389038086,6.17030000686646,9.63177967071533,'1311'),(180,'0',168.999267578125,8.05543994903564,8.05650997161865,56.7053184509277,8.38053035736084,12.4515104293823,'1800'),(98,'0',127.835121154785,5.3965802192688,5.39719009399414,25.7393703460693,3.19934010505676,4.84462022781372,'0980'),(164,'0',160.961273193359,8.54942035675049,8.54944038391113,48.7861518859863,7.73561000823975,11.6748504638672,'1640'),(209,'0',176.680023193359,6.51110982894897,6.50982999801636,67.566780090332,8.92181968688965,13.7008199691772,'2090'),(203,'0',176.084014892578,6.59513998031616,6.59492015838623,66.0171203613281,8.8623104095459,13.3917798995972,'2030'),(85,'0',122.143852233887,5.11253023147583,5.11313009262085,23.0433406829834,2.66213989257812,3.74377989768982,'0850'),(99,'1',127.835166931152,6.15853977203369,6.16017007827759,25.6964797973633,3.6873300075531,5.71565008163452,'0991'),(69,'0',114.615432739258,4.7960000038147,4.79620981216431,20.1724090576172,2.27273011207581,2.78629994392395,'0690'),(114,'0',134.804214477539,5.87337017059326,5.87376022338867,29.7241497039795,4.2051100730896,6.58178997039795,'1140'),(108,'0',132.163131713867,5.67189979553223,5.67239999771118,28.1328601837158,3.79180002212524,5.89471006393433,'1080'),(157,'0',157.039031982422,8.32487010955811,8.3246603012085,45.4161415100098,7.35596990585327,11.2041702270508,'1570'),(193,'1',162.461471557617,6.64377021789551,6.64152002334595,56.0052185058594,7.99748992919922,12.3600397109985,'1931'),(187,'1',162.18196105957,6.72494983673096,6.72100019454956,55.1383094787598,8.10336017608643,12.3360300064087,'1871'),(137,'1',147.617294311523,6.91106986999512,6.91012001037598,38.8477516174316,6.59920978546143,10.2640800476074,'1371'),(32,'1',90.9968032836914,3.57904005050659,3.57961988449097,13.4004001617432,1.38698995113373,1.79067003726959,'0321'),(62,'0',111.004463195801,4.6428599357605,4.64273977279663,19.0030403137207,2.14931011199951,2.48328995704651,'0620'),(98,'1',127.35066986084,6.11620998382568,6.11799001693726,25.4081897735596,3.61623001098633,5.59955978393555,'0981'),(92,'1',124.450843811035,5.85060977935791,5.85320997238159,23.7674293518066,3.21288990974426,4.93779993057251,'0921'),(9,'0',72.3318023681641,2.64186000823975,2.64446997642517,9.18095970153809,0.969319999217987,1.03900003433228,'0090'),(180,'1',161.783721923828,6.74259996414185,6.73866987228394,53.6793899536133,8.14478015899658,12.2854995727539,'1801'),(188,'0',172.212066650391,7.48016023635864,7.48165988922119,60.4028205871582,8.60085010528564,12.7635202407837,'1880'),(38,'1',95.2957611083984,3.77934002876282,3.76947999000549,14.4368600845337,1.51534998416901,2.02592992782593,'0381'),(132,'0',143.27018737793,6.70721006393433,6.70717000961304,35.3005485534668,5.57760000228882,8.71611022949219,'1320'),(85,'1',121.061408996582,5.52419996261597,5.52732992172241,22.0641098022461,2.80443000793457,4.26195001602173,'0851'),(93,'0',125.668869018555,5.28014993667603,5.28078985214233,24.652530670166,2.9614999294281,4.38337993621826,'0930'),(138,'0',146.373992919922,7.08104991912842,7.08104991912842,37.4575004577637,6.04174995422363,9.39793968200684,'1380'),(157,'1',157.491470336914,6.66518020629883,6.66616010665894,46.464241027832,7.68658018112183,11.7035999298096,'1571'),(188,'1',162.228622436523,6.71636009216309,6.71257019042969,55.3089408874512,8.09027004241943,12.3408803939819,'1881'),(87,'0',123.035003662109,5.15288019180298,5.15349006652832,23.4322204589844,2.72866988182068,3.89281010627747,'0870'),(93,'1',124.933799743652,5.8960599899292,5.89854001998901,24.0298690795898,3.27707004547119,5.04345989227295,'0931'),(159,'0',158.172637939453,8.41160011291504,8.41143035888672,46.3598899841309,7.47100019454956,11.3495998382568,'1590'),(19,'1',81.912467956543,3.1075599193573,3.10798001289368,11.0083103179932,1.18396997451782,1.15230000019073,'0191'),(64,'0',112.06078338623,4.68846988677979,4.68844985961914,19.33424949646,2.18337988853455,2.56346988677979,'0640'),(174,'1',161.235305786133,6.71837997436523,6.71555995941162,52.1032104492188,8.11159038543701,12.2082595825195,'1741'),(43,'0',99.7445983886719,4.08867979049683,4.08706998825073,15.8496999740601,1.78863000869751,1.93744003772736,'0430'),(182,'1',161.91618347168,6.74405002593994,6.73994016647339,54.1411094665527,8.1418399810791,12.3035001754761,'1821'),(79,'1',118.125442504883,5.24025011062622,5.24331998825073,20.8004207611084,2.51895999908447,3.78568005561829,'0791'),(142,'0',148.542434692383,7.35876989364624,7.35867977142334,38.9862403869629,6.34329986572266,9.83026027679443,'1420'),(87,'1',122.032386779785,5.61853981018066,5.62157011032104,22.5260391235352,2.91330003738403,4.44266986846924,'0871'),(151,'0',153.613327026367,7.98523998260498,7.98501014709473,42.707160949707,6.97941017150879,10.7102203369141,'1510'),(213,'1',163.558364868164,6.04437017440796,6.04547023773193,56.6771812438965,7.35651016235352,12.3627300262451,'2131'),(183,'0',170.281967163086,7.84888982772827,7.85019016265869,58.1303100585938,8.47045993804932,12.570650100708,'1830'),(56,'0',107.702751159668,4.49429988861084,4.49381017684937,18.0159797668457,2.04776000976562,2.27110004425049,'0560'),(119,'0',137.057495117188,6.06724977493286,6.06753015518188,31.1473197937012,4.57261991500854,7.17258977890015,'1190'),(88,'0',123.477760314941,5.17336988449097,5.17399978637695,23.6298408508301,2.76389002799988,3.96998000144958,'0880'),(205,'0',176.343688964844,6.54576015472412,6.54545021057129,66.5823669433594,8.88428974151611,13.4910898208618,'2050'),(175,'0',166.680923461914,8.34469032287598,8.34529972076416,54.2606201171875,8.20995044708252,12.2402400970459,'1750'),(43,'1',98.5722808837891,3.91705989837646,3.90529990196228,15.2220697402954,1.61001002788544,2.20027995109558,'0431'),(183,'1',161.975646972656,6.74304008483887,6.73890018463135,54.3589782714844,8.13772010803223,12.3113098144531,'1831'),(110,'0',133.037567138672,5.73559999465942,5.73607015609741,28.64967918396,3.92559003829956,6.12018013000488,'1100'),(80,'0',119.876449584961,5.01416015625,5.01467990875244,22.1048603057861,2.51631999015808,3.40121006965637,'0800'),(142,'1',150.428466796875,6.84884023666382,6.84873008728027,40.762809753418,6.92612981796265,10.7277297973633,'1421'),(88,'1',122.516899108887,5.66546010971069,5.66842985153198,22.7646007537842,2.97019004821777,4.53695011138916,'0881'),(11,'1',73.0619812011719,2.79772996902466,2.79796004295349,9.24246978759766,1.0228099822998,1.0247700214386,'0111'),(151,'1',155.037078857422,6.71907997131348,6.72018003463745,44.2167282104492,7.42432022094727,11.3851404190063,'1511'),(214,'0',176.826583862305,6.55768013000488,6.55792999267578,68.5537109375,8.96426963806152,13.9628295898438,'2140'),(184,'0',170.689590454102,7.77664995193481,7.77800989151001,58.5960693359375,8.49843978881836,12.609580039978,'1840'),(205,'1',163.11767578125,6.30046987533569,6.30358982086182,56.7048797607422,7.63226985931396,12.3798704147339,'2051'),(44,'0',100.400901794434,4.12491989135742,4.12341022491455,16.0202293395996,1.81222999095917,1.95780003070831,'0440'),(110,'1',133.227798461914,6.57163000106812,6.57145023345947,29.1137790679932,4.52082014083862,7.06313991546631,'1101'),(56,'1',106.197250366211,4.27827978134155,4.2739200592041,17.0941009521484,1.84895002841949,2.63515996932983,'0561'),(143,'0',149.095153808594,7.43011999130249,7.43000984191895,39.3801612854004,6.41723012924194,9.93488025665283,'1430'),(35,'0',94.1940765380859,3.76166009902954,3.75911998748779,14.4441699981689,1.56546998023987,1.80059003829956,'0350'),(175,'1',161.345886230469,6.72384977340698,6.72079992294312,52.3844299316406,8.12145042419434,12.2238998413086,'1751'),(71,'0',115.605766296387,4.83697986602783,4.8372597694397,20.513219833374,2.31118011474609,2.88487005233765,'0710'),(12,'0',76.0830307006836,2.69552993774414,2.697429895401,10.1502304077148,1.01452994346619,1.10957002639771,'0120'),(80,'1',118.617767333984,5.28743982315063,5.29055976867676,20.9989891052246,2.56239008903503,3.85842990875244,'0801'),(49,'1',102.218490600586,4.07277011871338,4.06362009048462,16.1029796600342,1.71786999702454,2.39823007583618,'0491'),(190,'0',172.904113769531,7.33231019973755,7.3338098526001,61.2671318054199,8.64651966094971,12.8405504226685,'1900'),(134,'1',145.911605834961,6.934730052948,6.93335008621216,37.7074317932129,6.38909006118774,9.95711040496826,'1341'),(95,'0',126.537368774414,5.3253698348999,5.32601022720337,25.0790691375732,3.05150008201599,4.56201982498169,'0950'),(35,'1',93.2015762329102,3.68561005592346,3.67965006828308,13.9335803985596,1.45376002788544,1.91278994083405,'0351'),(6,'1',65.9323196411133,2.64053988456726,2.64304995536804,7.20834016799927,0.870779991149902,0.919539988040924,'0061'),(206,'0',176.449462890625,6.52965021133423,6.52901983261108,66.8461990356445,8.89433002471924,13.5425100326538,'2060'),(166,'1',159.975784301758,6.67223978042603,6.67150020599365,49.6261215209961,7.97138023376465,12.0333404541016,'1661'),(36,'0',94.9183883666992,3.80640006065369,3.80398011207581,14.6245403289795,1.5971599817276,1.81537997722626,'0360'),(200,'1',162.833633422852,6.46205997467041,6.46334981918335,56.5533981323242,7.80084991455078,12.3769502639771,'2001'),(111,'0',133.476791381836,5.76871013641357,5.76915979385376,28.9131298065186,3.99405002593994,6.2343602180481,'1110'),(126,'1',141.485214233398,6.91881990432739,6.91704988479614,34.7184600830078,5.7904200553894,9.05597972869873,'1261'),(71,'1',114.126441955566,4.87154006958008,4.87350988388062,19.3557300567627,2.22307991981506,3.28608989715576,'0711'),(135,'0',144.800109863281,6.88732004165649,6.8871898651123,36.3590507507324,5.81090021133423,9.06124019622803,'1350'),(105,'1',130.758666992188,6.39722013473511,6.39787006378174,27.5075092315674,4.13220977783203,6.43805980682373,'1051'),(103,'1',129.780334472656,6.32083988189697,6.3218297958374,26.8889198303223,3.98079991340637,6.19298982620239,'1031'),(190,'1',162.32014465332,6.69355010986328,6.69020986557007,55.6195106506348,8.05863952636719,12.3493700027466,'1901'),(66,'0',113.09684753418,4.73249006271362,4.7325701713562,19.6674900054932,2.21819996833801,2.64866995811462,'0660'),(12,'1',74.3013916015625,2.83351993560791,2.83350992202759,9.5318603515625,1.0489399433136,1.03948998451233,'0121'),(30,'0',90.4327621459961,3.51971006393433,3.51648998260498,13.5177202224731,1.38752996921539,1.73512995243073,'0300'),(28,'0',88.8603668212891,3.41388988494873,3.4103798866272,13.1343097686768,1.30634999275208,1.71246004104614,'0280'),(95,'1',125.899841308594,5.98565006256104,5.98788022994995,24.568229675293,3.40924000740051,5.26064014434814,'0951'),(185,'0',171.086730957031,7.70331001281738,7.70472002029419,59.056568145752,8.5254602432251,12.6482601165771,'1850'),(206,'1',163.174606323242,6.26712989807129,6.27041006088257,56.7166481018066,7.59734010696411,12.3793201446533,'2061'),(7,'0',69.4825668334961,2.668869972229,2.67157006263733,8.33874034881592,0.96654999256134,0.993239998817444,'0070'),(127,'0',140.807983398438,6.4355001449585,6.43557977676392,33.6220283508301,5.18713998794556,8.1276798248291,'1270'),(167,'0',162.588928222656,8.56680965423584,8.56700038909912,50.2726516723633,7.87923002243042,11.8469495773315,'1670'),(90,'0',124.358306884766,5.21513986587524,5.21576976776123,24.0317802429199,2.83849000930786,4.12976980209351,'0900'),(111,'1',133.726455688477,6.6033501625061,6.60302019119263,29.4446105957031,4.59983015060425,7.1894998550415,'1111'),(129,'1',143.117309570312,6.93889999389648,6.9371600151062,35.8287696838379,6.02035999298096,9.40600967407227,'1291'),(104,'0',130.426467895508,5.55379009246826,5.55433988571167,27.138370513916,3.53828001022339,5.45741987228394,'1040'),(72,'0',116.094741821289,4.8571400642395,4.85746002197266,20.6851005554199,2.33119010925293,2.93626999855042,'0720'),(161,'1',158.760665893555,6.65774011611938,6.65814018249512,47.9083709716797,7.82947015762329,11.8701000213623,'1611'),(112,'0',133.917541503906,5.80269002914429,5.80312013626099,29.1799907684326,4.06348991394043,6.34941005706787,'1120'),(201,'0',175.758483886719,6.66651010513306,6.66680002212524,65.4022979736328,8.83757972717285,13.2974300384521,'2010'),(28,'1',87.8647232055664,3.41061997413635,3.42483997344971,12.6347799301147,1.28766000270844,1.61015999317169,'0281'),(66,'1',111.556968688965,4.65518999099731,4.65573978424072,18.556079864502,2.07740998268127,3.0362401008606,'0661'),(207,'0',176.540222167969,6.51875019073486,6.51783990859985,67.0979614257812,8.90386962890625,13.5947799682617,'2070'),(106,'0',131.29313659668,5.61137008666992,5.61189985275269,27.6292095184326,3.6625599861145,5.67359018325806,'1060'),(127,'1',142.025726318359,6.92733001708984,6.92554998397827,35.0869598388672,5.86766004562378,9.17403984069824,'1271'),(191,'0',173.231719970703,7.25971984863281,7.26119995117188,61.6882019042969,8.66802024841309,12.8793497085571,'1910'),(185,'1',162.083923339844,6.73703002929688,6.73290014266968,54.7675399780273,8.12411975860596,12.3248596191406,'1851'),(13,'0',77.2371978759766,2.7367799282074,2.73833990097046,10.4126100540161,1.03754997253418,1.13241004943848,'0130'),(30,'1',89.4597015380859,3.49904990196228,3.50569009780884,13.0259895324707,1.33896005153656,1.70319998264313,'0301'),(29,'0',89.6515502929688,3.4674699306488,3.46410989761353,13.3269996643066,1.34769999980927,1.72356998920441,'0290'),(135,'1',146.479461669922,6.92833995819092,6.92709016799927,38.0866088867188,6.46015977859497,10.0615997314453,'1351'),(7,'1',67.574462890625,2.67399001121521,2.67616009712219,7.70849990844727,0.903810024261475,0.946699976921082,'0071'),(128,'0',141.29231262207,6.48712015151978,6.48718023300171,33.9493713378906,5.26515007019043,8.24633979797363,'1280'),(90,'1',123.484489440918,5.75862979888916,5.76142978668213,23.2564601898193,3.08862996101379,4.7328200340271,'0901'),(128,'1',142.569732666016,6.93403005599976,6.93227005004883,35.457088470459,5.9443302154541,9.29074954986572,'1281'),(162,'0',159.855392456055,8.50922966003418,8.5091495513916,47.806079864502,7.63362979888916,11.5509099960327,'1620'),(67,'0',113.607643127441,4.7539701461792,4.75408983230591,19.8350505828857,2.23603010177612,2.69321990013123,'0670'),(91,'0',124.79638671875,5.23647022247314,5.23711013793945,24.2362499237061,2.87795996665955,4.21241998672485,'0910'),(123,'0',138.907028198242,6.24178981781006,6.24198007583618,32.3532485961914,4.87704992294312,7.65043020248413,'1230'),(116,'1',136.249435424805,6.74394989013672,6.74290990829468,31.1419200897217,4.99831008911133,7.82256984710693,'1161'),(47,'1',101.03247833252,4.0203800201416,4.00998020172119,15.8146696090698,1.68202996253967,2.33266997337341,'0471'),(41,'0',98.4078369140625,4.01326990127563,4.01143980026245,15.5056200027466,1.73886001110077,1.89901995658875,'0410'),(24,'0',85.5931015014648,3.18557000160217,3.18142008781433,12.342399597168,1.12468004226685,1.67217004299164,'0240'),(17,'1',79.9076385498047,3.02910995483398,3.02911996841431,10.6398296356201,1.15457999706268,1.11270999908447,'0171'),(154,'0',155.328155517578,8.16786003112793,8.16763019561768,44.0381011962891,7.17339992523193,10.9677896499634,'1540'),(195,'0',174.412216186523,6.98644018173218,6.98766994476318,63.2897491455078,8.74547958374023,13.0384302139282,'1950'),(146,'1',152.57795715332,6.7894401550293,6.78997993469238,42.3015785217285,7.16278982162476,11.0486297607422,'1461'),(140,'0',147.449020385742,7.2178201675415,7.21777009963989,38.2125701904297,6.19359016418457,9.61672019958496,'1400'),(59,'0',109.379547119141,4.57098007202148,4.57068014144897,18.5088195800781,2.09877991676331,2.3720600605011,'0590'),(172,'0',165.195404052734,8.46975040435791,8.47008037567139,52.7686004638672,8.09455013275146,12.1023397445679,'1720'),(123,'1',139.883605957031,6.88294982910156,6.88127994537354,33.6235885620117,5.55577993392944,8.69466018676758,'1231'),(212,'0',176.798461914062,6.52961015701294,6.52867984771729,68.1888198852539,8.94725036621094,13.8598203659058,'2120'),(2,'0',58.0840606689453,2.57079005241394,2.57168006896973,5.19099998474121,0.858020007610321,0.788619995117188,'0020'),(77,'0',118.483306884766,4.95577001571655,4.9562201499939,21.5620708465576,2.44092011451721,3.21532011032104,'0770'),(48,'0',102.948791503906,4.26076984405518,4.25964021682739,16.6939792633057,1.89920997619629,2.0474898815155,'0480'),(117,'0',136.149215698242,5.98661994934082,5.98693990707397,30.5670795440674,4.42356014251709,6.93495988845825,'1170'),(53,'1',104.519798278809,4.18442010879517,4.17825984954834,16.6706504821777,1.79111003875732,2.53125,'0531'),(147,'0',151.337585449219,7.71487998962402,7.71469020843506,41.0040588378906,6.70550012588501,10.3372297286987,'1470'),(41,'1',97.291130065918,3.86392998695374,3.85234999656677,14.9149703979492,1.57305002212524,2.13220000267029,'0411'),(178,'0',168.097442626953,8.18115043640137,8.18204021453857,55.736011505127,8.31548023223877,12.3693103790283,'1780'),(195,'1',162.562591552734,6.59991979598999,6.59861993789673,56.2088813781738,7.94805002212524,12.3661098480225,'1951'),(124,'0',139.377105712891,6.28836011886597,6.28851985931396,32.6644515991211,4.95417022705078,7.76997995376587,'1240'),(18,'0',82.4073791503906,3.03690004348755,3.03657007217407,11.4685001373291,1.17834997177124,1.22815001010895,'0180'),(83,'0',121.244232177734,5.07285976409912,5.07344007492065,22.6624507904053,2.6004900932312,3.60170006752014,'0830'),(48,'1',101.628799438477,4.04640007019043,4.03660011291504,15.95934009552,1.69992995262146,2.36543989181519,'0481'),(140,'1',149.314666748047,6.87623977661133,6.87579011917114,39.9951210021973,6.79918003082275,10.5500497817993,'1401'),(2,'1',56.7581100463867,2.400710105896,2.39928007125854,4.70863008499146,0.680620014667511,0.68011999130249,'0021'),(172,'1',160.986465454102,6.70659017562866,6.70426988601685,51.5204086303711,8.08670997619629,12.1731796264648,'1721'),(147,'1',153.093322753906,6.77451992034912,6.77519989013672,42.6861114501953,7.21818017959595,11.1215000152588,'1471'),(212,'1',163.506042480469,6.07390022277832,6.07572984695435,56.6929206848145,7.3896598815918,12.3665800094604,'2121'),(178,'1',161.62922668457,6.73725986480713,6.73362016677856,53.1845817565918,8.14068031311035,12.2639503479004,'1781'),(77,'1',117.136383056641,5.14635992050171,5.14928007125854,20.4163093566895,2.43668007850647,3.64753007888794,'0771'),(83,'1',120.087142944336,5.4294900894165,5.43266010284424,21.6229190826416,2.70245003700256,4.09228992462158,'0831'),(54,'0',106.554176330566,4.44014978408813,4.43950986862183,17.6872501373291,2.01280999183655,2.20920991897583,'0540'),(3,'0',61.1056518554688,2.64318990707397,2.64465999603271,5.98317003250122,0.951990008354187,0.868239998817444,'0030'),(196,'0',174.673263549805,6.92414999008179,6.92528009414673,63.6675682067871,8.76278018951416,13.0795698165894,'1960'),(100,'0',128.698577880859,5.44660997390747,5.44720983505249,26.193790435791,3.30625009536743,5.04233980178833,'1000'),(179,'0',168.552810668945,8.11972045898438,8.1207103729248,56.2223510742188,8.34852981567383,12.4107398986816,'1790'),(78,'0',118.950752258301,4.9752402305603,4.97571992874146,21.7414703369141,2.46515989303589,3.27570009231567,'0780'),(194,'0',174.13720703125,7.05148983001709,7.05281019210815,62.902530670166,8.727370262146,12.9979295730591,'1940'),(99,'0',128.26692199707,5.42131996154785,5.42192983627319,25.9651298522949,3.25200009346008,4.94259977340698,'0990'),(39,'0',97.0379104614258,3.93376994132996,3.93172001838684,15.1570501327515,1.68534004688263,1.86353003978729,'0390'),(203,'1',163.003540039062,6.36662006378174,6.36919021606445,56.6640815734863,7.70128011703491,12.3797903060913,'2031'),(24,'1',84.4871978759766,3.20412993431091,3.23863005638123,11.7962999343872,1.17372000217438,1.40482997894287,'0241'),(138,'1',148.185317993164,6.90049982070923,6.89971017837524,39.2295303344727,6.66706991195679,10.3618698120117,'1381'),(108,'1',132.235641479492,6.5048999786377,6.50505018234253,28.4614505767822,4.36392021179199,6.8114800453186,'1081'),(62,'1',109.452102661133,4.49404001235962,4.49298000335693,17.9556407928467,1.97769999504089,2.86286997795105,'0621'),(100,'1',128.320281982422,6.2002100944519,6.20168018341064,25.988790512085,3.75939011573792,5.83313989639282,'1001'),(139,'0',146.909027099609,7.14876985549927,7.14874982833862,37.8327293395996,6.11790990829468,9.50794982910156,'1390'),(33,'0',92.7179336547852,3.66862010955811,3.66581988334656,14.0787296295166,1.49834001064301,1.77277994155884,'0330'),(181,'0',169.436477661133,7.98862981796265,7.98978996276855,57.1845588684082,8.4115104675293,12.4916896820068,'1810'),(189,'0',172.564117431641,7.4059100151062,7.40741014480591,60.8385391235352,8.62413024902344,12.8019599914551,'1890'),(204,'0',176.22200012207,6.56744003295898,6.56744003295898,66.3060989379883,8.87364959716797,13.4407596588135,'2040'),(86,'0',122.590423583984,5.13260984420776,5.13321018218994,23.2367496490479,2.69477009773254,3.81740999221802,'0860'),(25,'0',86.4255828857422,3.24480009078979,3.24081993103027,12.5436897277832,1.17263996601105,1.68166995048523,'0250'),(94,'0',126.103553771973,5.30254983901978,5.30319023132324,24.8644790649414,3.00567007064819,4.47173023223877,'0940'),(109,'0',132.599716186523,5.70334005355835,5.70382976531982,28.3896102905273,3.85815000534058,6.00693988800049,'1090'),(158,'0',157.606781005859,8.37020969390869,8.37001991271973,45.8857307434082,7.41415977478027,11.2780599594116,'1580'),(101,'0',129.130218505859,5.47246980667114,5.473060131073,26.4254093170166,3.36206007003784,5.14376020431519,'1010'),(33,'1',91.744743347168,3.61620998382568,3.61428999900818,13.5817499160767,1.40989995002747,1.83250999450684,'0331'),(63,'0',111.535232543945,4.66588020324707,4.66581010818481,19.1684303283691,2.1662700176239,2.52275991439819,'0630'),(25,'1',85.3561172485352,3.25979995727539,3.28854990005493,12.0133600234985,1.20374000072479,1.45877003669739,'0251'),(20,'0',84.2453689575195,3.1669499874115,3.16611003875732,11.8480396270752,1.23370003700256,1.25312995910645,'0200'),(132,'1',144.783004760742,6.94227981567383,6.94069004058838,36.9522590637207,6.24410009384155,9.74209976196289,'1321'),(181,'1',161.852416992188,6.74385976791382,6.73983001708984,53.9145088195801,8.14418983459473,12.2949199676514,'1811'),(124,'1',140.414260864258,6.89659976959229,6.89487981796265,33.9866905212402,5.63442993164062,8.81618976593018,'1241'),(20,'1',82.8721008300781,3.14522004127502,3.14590001106262,11.1899404525757,1.19605004787445,1.17563998699188,'0201'),(34,'0',93.4606399536133,3.71574997901917,3.71307992935181,14.2622604370117,1.53253996372223,1.78639996051788,'0340'),(86,'1',121.547256469727,5.57144021987915,5.57453012466431,22.2925205230713,2.85803008079529,4.35096979141235,'0861'),(101,'1',128.806106567383,6.24116992950439,6.2424898147583,26.2850208282471,3.83236002922058,5.95192003250122,'1011'),(214,'1',163.609512329102,6.01605987548828,6.01624011993408,56.6591911315918,7.32410001754761,12.3583402633667,'2141'),(133,'0',143.775497436523,6.76576995849609,6.76569986343384,35.6490097045898,5.65555000305176,8.83195972442627,'1330'),(158,'1',157.835891723633,6.66130018234253,6.66217994689941,46.8301582336426,7.7247200012207,11.7484502792358,'1581'),(119,'1',137.790725708008,6.81242990493774,6.81105995178223,32.1917915344238,5.23817014694214,8.19993019104004,'1191'),(133,'1',145.345794677734,6.93943023681641,6.93794012069702,37.3292808532715,6.31704998016357,9.85056972503662,'1331'),(63,'1',109.982841491699,4.53317022323608,4.53254985809326,18.1031799316406,2.00142002105713,2.90432000160217,'0631'),(21,'0',85.1258316040039,3.22689008712769,3.22589993476868,12.0363597869873,1.25990998744965,1.26308000087738,'0210'),(182,'0',169.864151000977,7.91967010498047,7.92089986801147,57.6596794128418,8.44147968292236,12.531379699707,'1820'),(215,'0',176.827987670898,6.57533979415894,6.57653999328613,68.7223434448242,8.97307968139648,14.0126695632935,'2150'),(21,'1',83.8059387207031,3.18129992485046,3.18225002288818,11.3701095581055,1.20676004886627,1.20098996162415,'0211'),(89,'0',123.918807983398,5.19411993026733,5.19474983215332,23.8296699523926,2.80047988891602,4.04896020889282,'0890'),(120,'0',137.515548706055,6.10917997360229,6.10943984985352,31.4430599212646,4.64801979064941,7.29184007644653,'1200'),(215,'1',163.65934753418,5.98912000656128,5.98821020126343,56.6393890380859,7.29257011413574,12.3533897399902,'2151'),(14,'1',76.6559371948242,2.90965008735657,2.90942001342773,10.0292997360229,1.09640002250671,1.06714999675751,'0141'),(44,'1',99.1994400024414,3.94304990768433,3.93144011497498,15.3726596832275,1.62818002700806,2.23374009132385,'0441'),(120,'1',138.309692382812,6.83236980438232,6.83091020584106,32.5464782714844,5.31792020797729,8.32470989227295,'1201'),(15,'0',79.4173431396484,2.8434898853302,2.84428000450134,10.8729000091553,1.090980052948,1.17528998851776,'0150'),(152,'0',154.184768676758,8.04850006103516,8.04825973510742,43.1456298828125,7.04524993896484,10.7983102798462,'1520'),(143,'1',150.977081298828,6.83434009552002,6.83440017700195,41.1472396850586,6.98752021789551,10.8123798370361,'1431'),(45,'0',101.049331665039,4.16023015975952,4.15882015228271,16.1898593902588,1.83503997325897,1.97897005081177,'0450'),(209,'1',163.343276977539,6.16805982589722,6.17118978500366,56.722469329834,7.49236011505127,12.3750696182251,'2091'),(57,'0',108.267677307129,4.52044010162354,4.52000999450684,18.1802196502686,2.06489992141724,2.30364990234375,'0570'),(50,'0',104.178329467773,4.32359981536865,4.32264995574951,17.026819229126,1.93893003463745,2.09758996963501,'0500'),(144,'1',151.518859863281,6.81949996948242,6.81972980499268,41.5318984985352,7.04745006561279,10.8941202163696,'1441'),(114,'1',135.23388671875,6.69148015975952,6.69071006774902,30.4547004699707,4.83845996856689,7.56946992874146,'1141'),(0,'0',50.4849014282227,2.28760004043579,2.2869598865509,3.26803994178772,0.409740000963211,0.500379979610443,'0000'),(144,'0',149.651382446289,7.50168991088867,7.50155019760132,39.7788581848145,6.49045991897583,10.0379600524902,'1440'),(121,'0',137.97639465332,6.15222978591919,6.15247011184692,31.7425994873047,4.72391986846924,7.41128015518188,'1210'),(15,'1',77.775146484375,2.94917011260986,2.94895005226135,10.2463798522949,1.11758995056152,1.08122003078461,'0151'),(164,'1',159.535125732422,6.66403007507324,6.66378021240234,48.952320098877,7.91955995559692,11.9736099243164,'1641'),(176,'0',167.161178588867,8.29397964477539,8.29469013214111,54.754768371582,8.2462100982666,12.2841396331787,'1760'),(50,'1',102.80200958252,4.09960985183716,4.09117984771729,16.2457504272461,1.73591005802155,2.43112993240356,'0501'),(45,'1',99.8182373046875,3.96884989738464,3.95753002166748,15.5214996337891,1.64620995521545,2.26690006256104,'0451'),(210,'0',176.730819702148,6.51364994049072,6.51233005523682,67.7845764160156,8.93039989471436,13.7540798187256,'2100'),(69,'1',113.106147766113,4.78329992294312,4.78477001190186,19.0280895233154,2.16166996955872,3.18118000030518,'0691'),(81,'0',120.335006713867,5.03365993499756,5.0342001914978,22.2889804840088,2.54332995414734,3.46638989448547,'0810'),(169,'1',160.535064697266,6.68840980529785,6.68687009811401,50.5988502502441,8.03662014007568,12.1101999282837,'1691'),(22,'0',85.9841766357422,3.28100991249084,3.2799699306488,12.2236204147339,1.28515994548798,1.27186000347137,'0220'),(115,'0',135.250411987305,5.9101300239563,5.91050004959106,30.0015201568604,4.27717018127441,6.69896984100342,'1150'),(165,'0',161.508346557617,8.56122016906738,8.56128025054932,49.2798500061035,7.78471994400024,11.733980178833,'1650'),(152,'1',155.488677978516,6.70703983306885,6.70819997787476,44.5963287353516,7.47197008132935,11.4443798065186,'1521'),(74,'1',115.640190124512,5.00736999511719,5.00990009307861,19.8701400756836,2.32400989532471,3.45745992660522,'0741'),(145,'0',150.21076965332,7.57319021224976,7.5730299949646,40.1823806762695,6.56295013427734,10.1394300460815,'1450'),(39,'1',95.9712829589844,3.8083701133728,3.79771995544434,14.5987901687622,1.53495001792908,2.06201004981995,'0391'),(70,'0',115.11270904541,4.81660985946655,4.81685018539429,20.3423500061035,2.29171991348267,2.83488988876343,'0700'),(57,'1',106.74861907959,4.31176996231079,4.30804014205933,17.2357501983643,1.8690299987793,2.67101001739502,'0571'),(51,'0',104.78247833252,4.35383987426758,4.35296010971069,17.1924705505371,1.95801997184753,2.12403011322021,'0510'),(121,'1',138.831420898438,6.85080003738403,6.84924983978271,32.9034118652344,5.39746999740601,8.44882011413574,'1211'),(16,'0',80.4486770629883,2.90531992912292,2.90571999549866,11.0796499252319,1.11989998817444,1.19473004341125,'0160'),(94,'1',125.416770935059,5.94108009338379,5.94343996047974,24.2968292236328,3.34254002571106,5.15110015869141,'0941'),(0,'1',49.8643989562988,2.17008996009827,2.16122007369995,3.22750997543335,0.491899996995926,0.367900013923645,'0001'),(170,'0',164.1708984375,8.52705001831055,8.5272102355957,51.769718170166,8.01194000244141,12.0044202804565,'1700'),(165,'1',159.762634277344,6.66780996322632,6.66731977462769,49.2915916442871,7.94630002975464,12.0043697357178,'1651'),(176,'1',161.447982788086,6.72888994216919,6.72562980651855,52.658561706543,8.12959957122803,12.2383604049683,'1761'),(75,'0',117.538589477539,4.91664981842041,4.91704988479614,21.2074909210205,2.39489006996155,3.09920001029968,'0750'),(70,'1',113.617477416992,4.8271598815918,4.82889986038208,19.1905002593994,2.19181990623474,3.23274993896484,'0701'),(81,'1',119.108757019043,5.33473014831543,5.33789014816284,21.2021503448486,2.60741996765137,3.93372011184692,'0811'),(51,'1',103.379768371582,4.12707996368408,4.11940002441406,16.3878402709961,1.75409996509552,2.46422004699707,'0511'),(96,'0',126.970481872559,5.34862995147705,5.34925985336304,25.2964000701904,3.09906005859375,4.65426015853882,'0960'),(189,'1',162.274475097656,6.70593023300171,6.7023401260376,55.4694213867188,8.07536029815674,12.3452997207642,'1891'),(167,'1',160.175186157227,6.67722988128662,6.67621994018555,49.9556617736816,7.99480009078979,12.0606002807617,'1671'),(166,'0',162.051010131836,8.56711006164551,8.56723022460938,49.7754707336426,7.83259010314941,11.7913198471069,'1660'),(72,'1',114.633148193359,4.91639995574951,4.91858005523682,19.5239601135254,2.25550007820129,3.34125995635986,'0721'),(36,'1',93.9113464355469,3.71810007095337,3.7105700969696,14.1044301986694,1.47479999065399,1.9514000415802,'0361'),(130,'0',142.272857666016,6.59438991546631,6.59439992904663,34.6165008544922,5.42140007019043,8.48235034942627,'1300'),(129,'0',141.780563354492,6.54008007049561,6.54011011123657,34.2808494567871,5.34324979782104,8.36458969116211,'1290'),(191,'1',162.366195678711,6.67911005020142,6.67607021331787,55.7589683532715,8.04008007049561,12.3531398773193,'1911'),(37,'0',95.6336975097656,3.84997010231018,3.84768009185791,14.8034200668335,1.62767004966736,1.83078002929688,'0370'),(201,'1',162.889923095703,6.43097019195557,6.43274021148682,56.5974617004395,7.76835012435913,12.3782396316528,'2011'),(96,'1',126.383110046387,6.02971982955933,6.03180980682373,24.8439807891846,3.47712993621826,5.37195014953613,'0961'),(136,'0',145.319686889648,6.95035982131958,6.9502100944519,36.7206993103027,5.88818979263306,9.17451000213623,'1360'),(106,'1',131.249618530273,6.43407011032104,6.4345498085022,27.8220996856689,4.20888996124268,6.56186008453369,'1061'),(154,'1',156.343765258789,6.68621015548706,6.6874098777771,45.3502082824707,7.56256008148193,11.5552997589111,'1541'),(168,'0',163.121994018555,8.56021976470947,8.56021976470947,50.7709999084473,7.92466020584106,11.9009599685669,'1680'),(162,'1',159.034744262695,6.65888977050781,6.65909004211426,48.2604789733887,7.86113977432251,11.9065399169922,'1621'),(13,'1',75.4987030029297,2.87095999717712,2.87080001831055,9.79263019561768,1.07349002361298,1.05341994762421,'0131'),(31,'0',91.2041320800781,3.57063007354736,3.56754994392395,13.7065296173096,1.42587995529175,1.74716997146606,'0310'),(59,'1',107.840393066406,4.3818302154541,4.37927007675171,17.5208492279053,1.91070997714996,2.74499011039734,'0591'),(155,'0',155.899353027344,8.22342014312744,8.22319030761719,44.4921798706055,7.23559999465942,11.0490303039551,'1550'),(67,'1',112.075996398926,4.69726991653442,4.69815015792847,18.7110595703125,2.10451006889343,3.08299994468689,'0671'),(73,'0',116.579780578613,4.87712001800537,4.87747001647949,20.858060836792,2.35176992416382,2.98910999298096,'0730'),(207,'1',163.231262207031,6.2338399887085,6.23718023300171,56.7232208251953,7.56230020523071,12.3783502578735,'2071'),(8,'0',70.9659805297852,2.65160989761353,2.65435004234314,8.78240966796875,0.964699983596802,1.01578998565674,'0080'),(130,'1',143.668594360352,6.94188976287842,6.94019985198975,36.2019195556641,6.09569978713989,9.51972007751465,'1301'),(112,'1',134.226943969727,6.63393020629883,6.63345003128052,29.7784309387207,4.67914009094238,7.31607007980347,'1121'),(192,'0',173.546661376953,7.18847990036011,7.1899299621582,62.1013793945312,8.68865966796875,12.9184703826904,'1920'),(186,'0',171.473052978516,7.62920999526978,7.63066005706787,59.5114517211914,8.55152988433838,12.6867504119873,'1860'),(60,'0',109.926773071289,4.59543991088867,4.5952000617981,18.6733093261719,2.11560988426208,2.40795993804932,'0600'),(155,'1',156.74528503418,6.67772006988525,6.67890977859497,45.7240295410156,7.60549020767212,11.6070804595947,'1551'),(91,'1',123.967758178711,5.80479001998901,5.80748987197876,23.5095996856689,3.15005993843079,4.83421993255615,'0911'),(97,'0',127.403022766113,5.37236022949219,5.37298011779785,25.5164699554443,3.14835000038147,4.74847984313965,'0970'),(208,'0',176.616775512695,6.51269006729126,6.511549949646,67.3380279541016,8.91300964355469,13.647629737854,'2080'),(202,'0',175.929306030273,6.62821006774902,6.62825012207031,65.7157363891602,8.85029983520508,13.3440103530884,'2020'),(113,'0',134.359970092773,5.83756017684937,5.83796977996826,29.4503192901611,4.13386011123657,6.46524000167847,'1130'),(107,'0',131.727645874023,5.6412501335144,5.64176988601685,27.8794097900391,3.7265899181366,5.78356981277466,'1070'),(163,'0',160.410171508789,8.5319995880127,8.53197002410889,48.2947692871094,7.68524980545044,11.6138496398926,'1630'),(168,'1',160.361404418945,6.68265008926392,6.68137979507446,50.2799797058105,8.01655006408691,12.086199760437,'1681'),(60,'1',108.380981445312,4.41834020614624,4.41629981994629,17.6646499633789,1.93238997459412,2.78327989578247,'0601'),(156,'0',156.469772338867,8.27583980560303,8.27562046051025,44.9514999389648,7.29644012451172,11.1278600692749,'1560'),(68,'0',114.113777160645,4.77512979507446,4.77530002593994,20.0033302307129,2.25418996810913,2.73907995223999,'0680'),(31,'1',90.2352600097656,3.54003000259399,3.54345989227295,13.2152099609375,1.36336004734039,1.74758994579315,'0311'),(136,'1',147.048355102539,6.92040014266968,6.91929006576538,38.466739654541,6.53022003173828,10.1639604568481,'1361'),(14,'0',78.3477401733398,2.78671002388,2.78788995742798,10.6520299911499,1.06327998638153,1.15442001819611,'0140'),(8,'1',69.0622100830078,2.7035698890686,2.70519995689392,8.15748023986816,0.935599982738495,0.970229983329773,'0081'),(186,'1',162.133926391602,6.7318000793457,6.7277398109436,54.9577713012695,8.11464023590088,12.3307104110718,'1861'),(61,'0',110.468360900879,4.61939001083374,4.61920976638794,18.8380298614502,2.13244009017944,2.44502997398376,'0610'),(163,'1',159.292694091797,6.66101980209351,6.66100978851318,48.6085395812988,7.89117002487183,11.9410200119019,'1631'),(179,'1',161.709518432617,6.74035978317261,6.73655986785889,53.4360008239746,8.14360046386719,12.2751998901367,'1791'),(68,'1',112.592361450195,4.73998022079468,4.74117994308472,18.8683395385742,2.13258004188538,3.13127994537354,'0681'),(187,'0',171.848281860352,7.55470991134644,7.5561900138855,59.9603309631348,8.57664966583252,12.7251396179199,'1870');
/*!40000 ALTER TABLE `weight_height_for_ages` ENABLE KEYS */;
UNLOCK TABLES;
/*!40103 SET TIME_ZONE=@OLD_TIME_ZONE */;

--
-- Dumping data for table `global_property`
--

LOCK TABLES `global_property` WRITE;
/*!40000 ALTER TABLE `global_property` DISABLE KEYS */;
INSERT INTO `global_property` VALUES ('birt.birtHome','/usr/bin/birt-runtime-2_3_2/ReportEngine','Specifies the absolute path to the BIRT Report Engine.  Should include ReportEngine subdirectory. (ex. C:/birt-runtime-2_2_0/ReportEngine)',1,'b54c8440-2695-102d-b4c2-001d929acb54'),('birt.database_version','1.0.0','DO NOT MODIFY.  Current database version number for the birt module.',2,'b54c8bc0-2695-102d-b4c2-001d929acb54'),('birt.datasetDir','/home/tomcat5/.OpenMRS/birt/datasets','Specifies the absolute path to the reports dataset directory (for CSV/XML data sources). (ex. C:/Documents and Settings/USERNAME/OpenMRS/reports/datasets)',3,'b54c8cb0-2695-102d-b4c2-001d929acb54'),('birt.defaultReportDesignFile','default.rptdesign','Specifies the name of the default report design file.\r\nExample: default.rptdesign',4,'b54c8d82-2695-102d-b4c2-001d929acb54'),('birt.loggingDir','/home/tomcat5/.OpenMRS/birt/logs','Specifies the absolute path for log files written by BIRT Engine.  (ex. C:/tmp/logs)',5,'b54c8e4a-2695-102d-b4c2-001d929acb54'),('birt.outputDir','/home/tomcat5/.OpenMRS/birt/reports/output','Specifies the absolute path to the report output file when reports are generated. (ex. C:/Documents and Settings/USERNAME/OpenMRS/reports/output)',6,'b54c8f1c-2695-102d-b4c2-001d929acb54'),('birt.reportDir','/home/tomcat5/.OpenMRS/birt/reports','Specifies the absolute path where report design files are uploaded.  (ex. C:/Documents and Settings/USERNAME/OpenMRS/reports)',7,'b54c9304-2695-102d-b4c2-001d929acb54'),('birt.reportOutputFile','/home/tomcat5/.OpenMRS/birt/reports/output/ReportOutput.pdf','Specifies the absolute path to the reports output file.  (ex. C:/Documents and Settings/USERNAME/OpenMRS/reports/output/ReportOutput.pdf)',8,'b54c93d6-2695-102d-b4c2-001d929acb54'),('birt.reportOutputFormat','pdf','Specifies the absolute path to the reports output format.(ex. pdf)',9,'b54c94a8-2695-102d-b4c2-001d929acb54'),('birt.reportPreviewFile','/home/tomcat5/.OpenMRS/birt/reports/output/ReportPreview.pdf','Specifies the absolute path to the report preview file.  (ex. C:/Documents and Settings/USERNAME/OpenMRS/reports/output/ReportPreview.pdf)',10,'b54c9570-2695-102d-b4c2-001d929acb54'),('birt.started','true','DO NOT MODIFY. true/false whether or not the birt module has been started.  This is used to make sure modules that were running  prior to a restart are started again',11,'b54c9638-2695-102d-b4c2-001d929acb54'),('concept.causeOfDeath','5002','Concept id of the concept defining the CAUSE OF DEATH concept',12,'b54c9700-2695-102d-b4c2-001d929acb54'),('concept.cd4_count','5497','Concept id of the concept defining the CD4 count concept',13,'b54c97c8-2695-102d-b4c2-001d929acb54'),('concept.height','5090','Concept id of the concept defining the HEIGHT concept',14,'b54c9890-2695-102d-b4c2-001d929acb54'),('concept.medicalRecordObservations','1238','The concept id of the MEDICAL_RECORD_OBSERVATIONS concept.  This concept_id is presumed to be the generic grouping (obr) concept in hl7 messages.  An obs_group row is not created for this concept.',15,'b54c9958-2695-102d-b4c2-001d929acb54'),('concept.none','1107','Concept id of the concept defining the NONE concept',16,'b54c9a20-2695-102d-b4c2-001d929acb54'),('concept.otherNonCoded','5622','Concept id of the concept defining the OTHER NON-CODED concept',17,'b54ca1f0-2695-102d-b4c2-001d929acb54'),('concept.patientDied','1742','Concept id of the concept defining the PATIEND DIED concept',18,'b54ca2c2-2695-102d-b4c2-001d929acb54'),('concept.reasonExitedCare','1811','Concept id of the concept defining the REASON EXITED CARE concept',19,'b54ca394-2695-102d-b4c2-001d929acb54'),('concept.reasonOrderStopped','1812','Concept id of the concept defining the REASON ORDER STOPPED concept',20,'b54ca452-2695-102d-b4c2-001d929acb54'),('concept.weight','5089','Concept id of the concept defining the WEIGHT concept',21,'b54ca51a-2695-102d-b4c2-001d929acb54'),('concepts.locked','false','true/false whether or not concepts can be edited in this database.',22,'b54ca5e2-2695-102d-b4c2-001d929acb54'),('current_health_center_name','Neno District Hospital','Sets the current health center using the health center name for Ror.',23,'b54ca6aa-2695-102d-b4c2-001d929acb54'),('dashboard.encounters.showEditLink','true','true/false whether or not to show the \'Edit Encounter\' link on the patient dashboard',24,'b54ca772-2695-102d-b4c2-001d929acb54'),('dashboard.encounters.showEmptyFields','true','true/false whether or not to show empty fields on the \'View Encounter\' window',25,'b54ca83a-2695-102d-b4c2-001d929acb54'),('dashboard.encounters.showViewLink','true','true/false whether or not to show the \'View Encounter\' link on the patient dashboard',26,'b54ca902-2695-102d-b4c2-001d929acb54'),('dashboard.encounters.usePages','smart','true/false/smart on how to show the pages on the \'View Encounter\' window.  \'smart\' means that if > 50% of the fields have page numbers defined, show data in pages',27,'b54ca9d4-2695-102d-b4c2-001d929acb54'),('dashboard.encounters.viewWhere','newWindow','Defines how the \'View Encounter\' link should act. Known values: \'sameWindow\', \'newWindow\', \'oneNewWindow\'',28,'b54caa9c-2695-102d-b4c2-001d929acb54'),('dashboard.overview.showConcepts','5096,6364,6367','Comma delimited list of concepts ids to show on the patient dashboard overview tab',29,'b54cab64-2695-102d-b4c2-001d929acb54'),('dashboard.regimen.displayDrugSetIds','ANTIRETROVIRAL DRUGS,TUBERCULOSIS TREATMENT DRUGS','Drug sets that appear on the Patient Dashboard Regimen tab. Comma separated list of name of concepts that are defined as drug sets.',30,'b54cac2c-2695-102d-b4c2-001d929acb54'),('dashboard.regimen.standardRegimens','<list>  <regimenSuggestion>    <drugComponents>      <drugSuggestion>        <drugId>2</drugId>        <dose>1</dose>        <units>tab(s)</units>        <frequency>2/day x 7 days/week</frequency>        <instructions></instructions>      </drugSuggestion>    </drugComponents>    <displayName>3TC + d4T(30) + NVP (Triomune-30)</displayName>    <codeName>standardTri30</codeName>    <canReplace>ANTIRETROVIRAL DRUGS</canReplace>  </regimenSuggestion>  <regimenSuggestion>    <drugComponents>      <drugSuggestion>        <drugId>3</drugId>        <dose>1</dose>        <units>tab(s)</units>        <frequency>2/day x 7 days/week</frequency>        <instructions></instructions>      </drugSuggestion>    </drugComponents>    <displayName>3TC + d4T(40) + NVP (Triomune-40)</displayName>    <codeName>standardTri40</codeName>    <canReplace>ANTIRETROVIRAL DRUGS</canReplace>  </regimenSuggestion>  <regimenSuggestion>    <drugComponents>      <drugSuggestion>        <drugId>39</drugId>        <dose>1</dose>        <units>tab(s)</units>        <frequency>2/day x 7 days/week</frequency>        <instructions></instructions>      </drugSuggestion>      <drugSuggestion>        <drugId>22</drugId>        <dose>200</dose>        <units>mg</units>        <frequency>2/day x 7 days/week</frequency>        <instructions></instructions>      </drugSuggestion>    </drugComponents>    <displayName>AZT + 3TC + NVP</displayName>    <codeName>standardAztNvp</codeName>    <canReplace>ANTIRETROVIRAL DRUGS</canReplace>  </regimenSuggestion>  <regimenSuggestion>    <drugComponents>      <drugSuggestion reference=\"../../../regimenSuggestion[3]/drugComponents/drugSuggestion\"/>      <drugSuggestion>        <drugId>11</drugId>        <dose>600</dose>        <units>mg</units>        <frequency>1/day x 7 days/week</frequency>        <instructions></instructions>      </drugSuggestion>    </drugComponents>    <displayName>AZT + 3TC + EFV(600)</displayName>    <codeName>standardAztEfv</codeName>    <canReplace>ANTIRETROVIRAL DRUGS</canReplace>  </regimenSuggestion>  <regimenSuggestion>    <drugComponents>      <drugSuggestion>        <drugId>5</drugId>        <dose>30</dose>        <units>mg</units>        <frequency>2/day x 7 days/week</frequency>        <instructions></instructions>      </drugSuggestion>      <drugSuggestion>        <drugId>42</drugId>        <dose>150</dose>        		<units>mg</units>        <frequency>2/day x 7 days/week</frequency>        <instructions></instructions>      </drugSuggestion>      <drugSuggestion reference=\"../../../regimenSuggestion[4]/drugComponents/drugSuggestion[2]\"/>    </drugComponents>    <displayName>d4T(30) + 3TC + EFV(600)</displayName>    <codeName>standardD4t30Efv</codeName>    <canReplace>ANTIRETROVIRAL DRUGS</canReplace>  </regimenSuggestion>  <regimenSuggestion>    <drugComponents>      <drugSuggestion>        <drugId>6</drugId>        <dose>40</dose>        <units>mg</units>        <frequency>2/day x 7 days/week</frequency>        <instructions></instructions>      </drugSuggestion>      <drugSuggestion reference=\"../../../regimenSuggestion[5]/drugComponents/drugSuggestion[2]\"/>      <drugSuggestion reference=\"../../../regimenSuggestion[4]/drugComponents/drugSuggestion[2]\"/>    </drugComponents>    <displayName>d4T(40) + 3TC + EFV(600)</displayName>    <codeName>standardD4t40Efv</codeName>    <canReplace>ANTIRETROVIRAL DRUGS</canReplace>  </regimenSuggestion></list>','XML description of standard drug regimens, to be shown as shortcuts on the dashboard regimen entry tab',31,'b54cad08-2695-102d-b4c2-001d929acb54'),('dashboard.relationships.show_types','','Types of relationships separated by commas.  Doctor/Patient,Parent/Child',32,'b54cb000-2695-102d-b4c2-001d929acb54'),('encounterForm.obsSortOrder','number','The sort order for the obs listed on the encounter edit form.  \'number\' sorts on the associated numbering from the form schema.  \'weight\' sorts on the order displayed in the form schema.',34,'b54cb0d2-2695-102d-b4c2-001d929acb54'),('form2program.database_version','1.0.0','DO NOT MODIFY.  Current database version number for the form2program module.',35,'b54cb1a4-2695-102d-b4c2-001d929acb54'),('form2program.started','true','DO NOT MODIFY. true/false whether or not the form2program module has been started.  This is used to make sure modules that were running  prior to a restart are started again',36,'b54cb276-2695-102d-b4c2-001d929acb54'),('formdataexport.database_version','1.8','DO NOT MODIFY.  Current database version number for the formdataexport module.',37,'b54cb352-2695-102d-b4c2-001d929acb54'),('formdataexport.started','true','DO NOT MODIFY. true/false whether or not the formdataexport module has been started.  This is used to make sure modules that were running  prior to a restart are started again',38,'b54cb424-2695-102d-b4c2-001d929acb54'),('formentry.database_version','2.6','DO NOT MODIFY.  Current database version number for the formentry module.',39,'b54cb4f6-2695-102d-b4c2-001d929acb54'),('formentry.infopath_server_url','http://neno.apzunet:8080/openmrs','When uploading an XSN, this url is used as the \"base path\".  (Should be something like http://localhost:8080/openmrs)',41,'b54cb5be-2695-102d-b4c2-001d929acb54'),('formentry.infopath_taskpane_caption','Welcome!','The text seen in the infopath taskpane upon first logging in',42,'b54cb690-2695-102d-b4c2-001d929acb54'),('formentry.infopath_taskpane_keepalive_min','','The number of minutes to keep refreshing the taskpane before allowing \r\nthe login to lapse',43,'b54cb758-2695-102d-b4c2-001d929acb54'),('formentry.infopath_taskpane_refresh_sec','','The number of seconds between taskpane refreshes.  This keeps the taskpane from\r\nlogging people out on longer forms',44,'b54cba00-2695-102d-b4c2-001d929acb54'),('formentry.patientForms.goBackOnEntry','false','\'true\' means have the browser go back to the find patient page after picking a form\r\nfrom the patientForms tab on the patient dashboard page',45,'b54cbad2-2695-102d-b4c2-001d929acb54'),('formentry.queue_archive_dir','formentry/archive/%Y/%M','Directory containing the formentry archive items.  This will contain xml files that have\r\nbeen submitted by infopath and then processed sucessfully into hl7.\r\nCertain date parameters will be replaced with the current date:\r\n%Y = four digit year\r\n%M = two digit month\r\n%D = two digit date of the month\r\n%w = week of the year\r\n     %W = week of the month',46,'b54cbb9a-2695-102d-b4c2-001d929acb54'),('formentry.queue_dir','/home/tomcat5/.OpenMRS/formentry/queue','Directory containing the formentry queue items. This will contain xml files submitted by\r\ninfopath.  These items are awaiting processing to be turned into hl7 queue items',47,'b54cbc80-2695-102d-b4c2-001d929acb54'),('formentry.started','true','DO NOT MODIFY. true/false whether or not the formentry module has been started.  This is used to make sure modules that were running  prior to a restart are started again',48,'b54cbf28-2695-102d-b4c2-001d929acb54'),('formimportexport.parentConceptServer.batchSize','50','',49,'b54cbff0-2695-102d-b4c2-001d929acb54'),('formimportexport.parentConceptServer.password','','Password to use when logging in to the parent concept server. Could be blank if the parent allows unauthenticated users to browse the concept dictionary.',50,'b54cc34c-2695-102d-b4c2-001d929acb54'),('formimportexport.parentConceptServer.url','http://196.216.13.206:8180/openmrs','',51,'b54cc414-2695-102d-b4c2-001d929acb54'),('formimportexport.parentConceptServer.username','','Username to use when logging in to the parent concept server. Could be blank if the parent allows unauthenticated users to browse the concept dictionary.',52,'b54cc4dc-2695-102d-b4c2-001d929acb54'),('formimportexport.started','true','DO NOT MODIFY. true/false whether or not the formimportexport module has been started.  This is used to make sure modules that were running  prior to a restart are started again',53,'b54cc784-2695-102d-b4c2-001d929acb54'),('gzip.enabled','false','Set to \'true\' to turn on OpenMRS\'s gzip filter, and have the webapp compress data before sending it to any client that supports it. Generally use this if you are running Tomcat standalone. If you are running Tomcat behind Apache, then you\'d want to use Apache to do gzip compression.',54,'b54cc856-2695-102d-b4c2-001d929acb54'),('last_error_reported','2009-11-27T23:51:02+02:00','',55,'b54ccafe-2695-102d-b4c2-001d929acb54'),('layout.address.format','malawi','Format in which to display the person addresses.  Valid values are general, kenya, rwanda, usa, and lesotho',56,'b54ccbd0-2695-102d-b4c2-001d929acb54'),('layout.name.format','short','Format in which to display the person names.  Valid values are short, long',57,'b54ccc98-2695-102d-b4c2-001d929acb54'),('log.level.openmrs','info','log level used by the logger \'org.openmrs\'. This value will override the log4j.xml value. Valid values are trace, debug, info, warn, error or fatal',58,'b54ccd60-2695-102d-b4c2-001d929acb54'),('mail.debug','true','true/false whether to print debugging information during mailing',59,'b54cd012-2695-102d-b4c2-001d929acb54'),('mail.default_content_type','text/plain','Content type to append to the mail messages',60,'b54cd152-2695-102d-b4c2-001d929acb54'),('mail.from','info@openmrs.org','Email address to use as the default from address',61,'b54cd27e-2695-102d-b4c2-001d929acb54'),('mail.password','','Password for the SMTP user (if smtp_auth is enabled)',62,'b54cd59e-2695-102d-b4c2-001d929acb54'),('mail.smtp_auth','true','true/false whether the smtp host requires authentication',63,'b54cd6ca-2695-102d-b4c2-001d929acb54'),('mail.smtp_host','209.85.133.111','SMTP host name',64,'b54cd9ea-2695-102d-b4c2-001d929acb54'),('mail.smtp_port','465','SMTP port',65,'b54cdb16-2695-102d-b4c2-001d929acb54'),('mail.transport_protocol','smtp','Transport protocol for the messaging engine. Valid values: smtp',66,'b54cde36-2695-102d-b4c2-001d929acb54'),('mail.user','evan.waters','Username of the SMTP user (if smtp_auth is enabled)',67,'b54ce14c-2695-102d-b4c2-001d929acb54'),('module_repository_folder','modules','Name of the folder in which to store the modules',68,'b54ce476-2695-102d-b4c2-001d929acb54'),('new_patient_form.showRelationships','false','true/false whether or not to show the relationship editor on the addPatient.htm screen',69,'b54cebc4-2695-102d-b4c2-001d929acb54'),('patient.defaultPatientIdentifierValidator','org.openmrs.patient.impl.LuhnIdentifierValidator','This property sets the default patient identifier validator.  The default validator is only used in a handful of (mostly legacy) instances.  For example, it\'s used to generate the isValidCheckDigit calculated column and to append the string \"(default)\" to the name of the default validator on the editPatientIdentifierType form.',70,'b54ced2c-2695-102d-b4c2-001d929acb54'),('patient.displayAttributeTypes','Birthplace','',71,'b54cee94-2695-102d-b4c2-001d929acb54'),('patient.identifierPrefix','','This property is only used if patient.identifierRegex is empty.  The string here is prepended to the sql indentifier search string.  The sql becomes \"... where identifier like \'<PREFIX><QUERY STRING><SUFFIX>\';\".  Typically this value is either a percent sign (%) or empty.',72,'b54cefde-2695-102d-b4c2-001d929acb54'),('patient.identifierRegex','^0*@SEARCH@([A-Z]+-[0-9])?$','A MySQL regular expression for the patient identifier search strings.  The @SEARCH@ string is replaced at runtime with the user\'s search string.  An empty regex will cause a simply \'like\' sql search to be used',73,'b54cf18c-2695-102d-b4c2-001d929acb54'),('patient.identifierSuffix','%','This property is only used if patient.identifierRegex is empty.  The string here is prepended to the sql indentifier search string.  The sql becomes \"... where identifier like \'<PREFIX><QUERY STRING><SUFFIX>\';\".  Typically this value is either a percent sign (%) or empty.',74,'b54cf2e0-2695-102d-b4c2-001d929acb54'),('patient.listingAttributeTypes','Health Center','',75,'78edc559-254f-4a25-a6d3-6a9c21e5a6a8'),('patient.searchMaxResults','1000','The maximum number of results returned by patient searches',76,'b54cf57e-2695-102d-b4c2-001d929acb54'),('patient.viewingAttributeTypes','Health Center','',77,'ad400343-abe7-4253-a696-f68b3fc2abac'),('patientmatching.started','true','DO NOT MODIFY. true/false whether or not the patientmatching module has been started.  This is used to make sure modules that were running  prior to a restart are started again',78,'b54cf704-2695-102d-b4c2-001d929acb54'),('patientsummary.adultconceptIdsToGraph','5090,5089,5497','Ordered, comma separated list of concept ids to graph in patient summary for patients > 5 years old\r\nDefault: height (5090), weight (5089), cd4 (5497).',79,'b54cf7d6-2695-102d-b4c2-001d929acb54'),('patientsummary.adultconceptIdsToWatch','12,5497','Comma delimited list of concept ids to trigger alerts for patients > 5 years old\r\nAlerts trigger when concepts are empty or have not been updated in six months.\r\nDefaults: x-ray chest (12), cd4 (5497).',80,'b54cf8a8-2695-102d-b4c2-001d929acb54'),('patientsummary.adverseEffectConceptId','1297','Adverse effect concept id. Default: 1297.',81,'b54cf970-2695-102d-b4c2-001d929acb54'),('patientsummary.arvDrugsConceptId','1085','ARV Drugs concept id. Default: 1085.',82,'b54cfc40-2695-102d-b4c2-001d929acb54'),('patientsummary.childconceptIdsToGraph','5090,5089,5497','Ordered, comma separated list of concept ids to graph in patient summary. \r\nDefault: height (5090), weight (5089), cd4 (5497).',83,'b54cfd12-2695-102d-b4c2-001d929acb54'),('patientsummary.childconceptIdsToWatch','12,730,5497,5089,5090','Comma delimited list of concept ids to trigger alerts.\r\nAlerts trigger when concepts are empty or have not been updated in one month.\r\nDefaults: x-ray chest (12), cd4 (5497), cd4% (730), weight (5089), height (5090)',84,'b54cfdda-2695-102d-b4c2-001d929acb54'),('patientsummary.hivTestResultConceptId','2169','HIV Test concept id. Default: 2169.',85,'b54cfea2-2695-102d-b4c2-001d929acb54'),('patientsummary.labTestsConceptId','1337','Laboratory examinations construct concept id. Default: 1337.',86,'b54cff6a-2695-102d-b4c2-001d929acb54'),('patientsummary.previousDiagnosisConceptId','992','Problem list construct concept id. Default: 992.',87,'b54d0032-2695-102d-b4c2-001d929acb54'),('patientsummary.started','true','DO NOT MODIFY. true/false whether or not the patientsummary module has been started.  This is used to make sure modules that were running  prior to a restart are started again',88,'b54d00f0-2695-102d-b4c2-001d929acb54'),('patientsummary.symptomPresentConceptId','1293','Review of symptoms on presentation concept id. Default: 1293.',89,'b54d01b8-2695-102d-b4c2-001d929acb54'),('patientsummary.vitalSigns','5089,5090','Comma delimited list of concept ids for vital signs\r\nDefaults: weight (5089), height (5090)',90,'b54d0280-2695-102d-b4c2-001d929acb54'),('patient_identifier.importantTypes','ARV Number,National id,PART Number,District TB Number,EID Number,KS Number,VHW ID','',91,'b54d033e-2695-102d-b4c2-001d929acb54'),('pihmalawihacks.started','true','DO NOT MODIFY. true/false whether or not the pihmalawihacks module has been started.  This is used to make sure modules that were running  prior to a restart are started again',92,'b54d0406-2695-102d-b4c2-001d929acb54'),('report.xmlMacros','macroPrefix=#\r\nmacroSuffix=#\r\n\r\nadultAtStart=[AgeOnDate|minAge=15|maxAge=|effectiveDate=${report.startDate}]\r\nadultAtEnd=[AgeOnDate|minAge=15|maxAge=|effectiveDate=${report.endDate}]\r\n\r\nchildAtStart=[AgeOnDate|minAge=0|maxAge=14|effectiveDate=${report.startDate}]\r\nchildAtEnd=[AgeOnDate|minAge=0|maxAge=14|effectiveDate=${report.endDate}]\r\n\r\naliveAtStart=[Alive|effectiveDate=${report.startDate}]\r\naliveAtEnd=[Alive|effectiveDate=${report.endDate]\r\n\r\nmaleAdult=#adultAtStart# AND [Male]\r\nmaleChild=#childAtStart# AND [Male]\r\n\r\nfemaleAdult=#adultAtStart# AND [Female]\r\nfemaleChild=#childAtStart# AND [Female]\r\n\r\n//Encounter Macros\r\n\r\nhadArtInitial=[ART_INITIAL|sinceDate=${report.startDate}|untilDate=${report.endDate}]\r\nhadArtFollowup=[ART_FOLLOWUP|sinceDate=${report.startDate}|untilDate=${report.endDate}]\r\n\r\nhadArtEncounter=#hadArtInitial# OR #hadArtFollowup#\r\n\r\nartRegLastWeek=[REGISTRATION|location=9|withinLastDays=7]\r\nartRegTwoWeeks=[REGISTRATION|location=9|withinLastDays=14]\r\nartRegWeekAgo=#artRegTwoWeeks# NOT #artRegLastWeek#\r\n\r\nartAptLastWeek=[APPOINTMENT|location=9|withinLastDays=7]\r\nartAptTwoWeeks=[APPOINTMENT|location=9|withinLastDays=14]\r\nartAptWeekAgo=#artAptTwoWeeks# NOT #artAptLastWeek#\r\n\r\nartScanWeekAgo = #artRegWeekAgo# OR #artAptWeekAgo#\r\nanyHIV = [Patients in HIV Program] OR [EID Program] OR [KS Program]\r\n\r\nartVisitNotEnrolled = #artScanWeekAgo# NOT #anyHIV#\r\n\r\n//Status Macros\r\ntransferredIn=[Transfer_In|sinceDate=${report.startDate}|untilDate=${report.endDate}]\r\ntransfInArt=#transferredIn#\r\n\r\nnewArt=#hadArtInitial# OR #transfInArt#\r\n\r\n//Drug Regimen Macros\r\n\r\n//First Line Sets\r\nonT30=[Drug|drugList=2|sinceDate=${report.startDate}|untilDate=${report.endDate}]\r\neverOnT30=[Drug|drugList=2|sinceDate=${report.startDate}|untilDate=${report.endDate}]\r\nonT40=[Drug|drugList=3|sinceDate=${report.startDate}|untilDate=${report.endDate}]\r\nonLS30=[currDrug|drugList=70|]\r\nonLamBaby=[Drug|drugList=71|sinceDate=${report.startDate}|untilDate=${report.endDate}]\r\nonTriBaby=[Drug|drugList=72|sinceDate=${report.startDate}|untilDate=${report.endDate}]\r\n\r\n//Second Line Sets\r\nonEFV=[Drug|drugList=11|drugList=28|drugList=29|drugList=30|sinceDate=${report.startDate}|untilDate=${report.endDate}]\r\n\r\n//Program State Sets\r\nhivDeadLowerLimit=[progStateOnOrBefore|program=1|stateList=3|untilDate=${report.startDate-1}]\r\nhivDeadOnOrAfter=[progStateOnOrAfter|program=1|stateList=3|sinceDate=${report.startDate}]\r\nhivDeadUpperLimit=[progStateOnOrAfter|program=1|stateList=3|sinceDate=${report.endDate+1}]\r\nhivDeadRange=#hivDeadOnOrAfter# NOT (#hivDeadLowerLimit# OR #hivDeadUpperLimit#)','',93,'b54d04ce-2695-102d-b4c2-001d929acb54'),('scheduler.password','pa55ionFruit','Password for the OpenMRS user that will perform the scheduler activities',94,'b54d0640-2695-102d-b4c2-001d929acb54'),('scheduler.username','admin','Username for the OpenMRS user that will perform the scheduler activities',95,'b54d0708-2695-102d-b4c2-001d929acb54'),('smtp_server','localhost','',96,'b54d07c6-2695-102d-b4c2-001d929acb54'),('user.listingAttributeTypes','','',97,'23dbfc81-f578-4ab2-8331-1dc8ce839fc3'),('user.viewingAttributeTypes','','',98,'b1b13950-e89b-4218-afb1-5bd54540391c'),('use_patient_attribute.healthCenter','false','Indicates whether or not the \'health center\' attribute is shown when viewing/searching for patients',99,'b54d09ec-2695-102d-b4c2-001d929acb54'),('use_patient_attribute.mothersName','false','Indicates whether or not mother\'s name is able to be added/viewed for a patient',100,'b54d0ab4-2695-102d-b4c2-001d929acb54'),('use_patient_attribute.tribe','true','Indicates whether or not the \'tribe\' attribute is shown when viewing/searching for patients',101,'b54d0b7c-2695-102d-b4c2-001d929acb54'),('smtp_username','baobabhealth','',102,'b54d0cb2-2695-102d-b4c2-001d929acb54'),('mdrtb.database_version','1.0.3','DO NOT MODIFY.  Current database version number for the mdrtb module.',103,'b54d0d84-2695-102d-b4c2-001d929acb54'),('mdrtb.started','false','DO NOT MODIFY. true/false whether or not the mdrtb module has been started.  This is used to make sure modules that were running  prior to a restart are started again',104,'b54d0e4c-2695-102d-b4c2-001d929acb54'),('mdrtb.program_name','MDR-TB PROGRAM','MDR-TB program name.',105,'b54d1112-2695-102d-b4c2-001d929acb54'),('mdrtb.treatment_supporter_person_attribute_type','Treatment Supporter','The person attribute type that corresponds to being a treatment supporter/acompanateur/dots worker.',106,'b54d11e4-2695-102d-b4c2-001d929acb54'),('mdrtb.patient_identifier_type_list','','Pipe delimited list of all patient identifier types associated with the MDRTB program.',107,'b54d12b6-2695-102d-b4c2-001d929acb54'),('mdrtb.location_list','','Pipe delimited list of all locations that you want to choose from in the add patient dialogs in the mdrtb module.  This will generally correspond to the health centers that are participating in an mdrtb program.  If blank, all openMRS locations will be displayed.',108,'b54d1388-2695-102d-b4c2-001d929acb54'),('mdrtb.lab_list','Unknown Location','Pipe delimited list of all labs that will be performing any tests associated with MDRTB.  These are expected to be locations in openMRS.',109,'b54d1464-2695-102d-b4c2-001d929acb54'),('mdrtb.culture_method_concept','TUBERCULOSIS CULTURE METHOD','The Concept question for which the answers are all possible culture methods.  This must be a ConceptSet.',110,'b54d1540-2695-102d-b4c2-001d929acb54'),('mdrtb.DST_methods','TUBERCULOSIS DRUG SENSITIVITY TEST METHOD','The ConceptSet who\'s answers are all possible DST laboratory test methods.',111,'b54d1612-2695-102d-b4c2-001d929acb54'),('mdrtb.smear_method_concept','TUBERCULOSIS SMEAR MICROSCOPY METHOD','The Concept question for which the answers are all possible smear laboratory test methods.',112,'b54d16ee-2695-102d-b4c2-001d929acb54'),('mdrtb.anatomical_locations_concept','TUBERCULOSIS SAMPLE SOURCE','The Concept question for which the answers are all possible anatomical locations from which an MDR-TB related lab sample can be taken.\r\nProbably \'sputum\'.  This must be a ConceptSet.',113,'b54d19c8-2695-102d-b4c2-001d929acb54'),('mdrtb.DST_drug_list','DST TEST COMPONENTS','The ConceptSet containing all of the ordered drug concepts that are used as a row in a DST test, OR a list of concepts delimited by |.',114,'b54d1ac2-2695-102d-b4c2-001d929acb54'),('mdrtb.DST_result_list','TUBERCULOSIS DST RESULT','ConceptSet containing all possible DST results concepts (in a DST result, the result concept gets the result, the valueCoded concept is the drug).  Can also be a list of concepts by name, delimited by |.',115,'b54d1b9e-2695-102d-b4c2-001d929acb54'),('mdrtb.culture_result_list','TUBERCULOSIS CULTURE RESULT','Concept with possible valueCoded answers that are all possible culture results.  Can also be a list of concepts by name, delimited by |.',116,'b54d1c70-2695-102d-b4c2-001d929acb54'),('mdrtb.smear_result_list','TUBERCULOSIS SMEAR RESULT','Concept with possible valueCoded answers that are all possible smear results.  Can also be a list of concepts by name, delimited by |.',117,'b54d1d38-2695-102d-b4c2-001d929acb54'),('mdrtb.test_result_encounter_type_DST','DST Result','This should be the name of the encounter type that you want to use for encounters wrapping DST results.',118,'b54d1e0a-2695-102d-b4c2-001d929acb54'),('mdrtb.test_result_encounter_type_bacteriology','Bacteriology Result','This should be the name of the encounter type that you want to use for encounters wrapping bacteriology (smear+culture) results.',119,'b54d1f7c-2695-102d-b4c2-001d929acb54'),('mdrtb.mdrtb_forms_list','','List all MDR-TB forms by name, pipe delimited.  These will appear in the form list on the MDR-TB home.',120,'b54d204e-2695-102d-b4c2-001d929acb54'),('mdrtb.mdrtb_default_provider','provider','This will be used to mark the default provider in MDR-TB related encounters, if none is already provided.',121,'b54d2120-2695-102d-b4c2-001d929acb54'),('mdrtb.birt_report_list','','List all BIRT reports by name that correspond to the MDR-TB program.  Pipe delimited.',122,'b54d21f2-2695-102d-b4c2-001d929acb54'),('mdrtb.mdrtb_drugs','TUBERCULOSIS DRUGS','Name of the ConceptSet that contains all Tuberculosis Drugs',123,'b54d22c4-2695-102d-b4c2-001d929acb54'),('mdrtb.first_line_drugs','FIRST-LINE TUBERCULOSIS DRUGS','Name of the ConceptSet that contains all first line Tuberculosis Treatment Drugs',124,'b54d23a0-2695-102d-b4c2-001d929acb54'),('mdrtb.injectible_drugs','INJECTIBLE TUBERCULOSIS DRUGS','Name of the ConceptSet that contains all injectible Tuberculosis Treatement Drugs',125,'b54d2468-2695-102d-b4c2-001d929acb54'),('mdrtb.quinolones','TUBERCULOSIS QUINOLONES','Name of the ConceptSet that contains all quinolones Tuberculosis Treatement Drugs',126,'b54d2544-2695-102d-b4c2-001d929acb54'),('mdrtb.other_second_line','OTHER SECOND-LINE TUBERCULOSIS DRUGS','Name of the ConceptSet that contains all other second-line Tuberculosis Treatement Drugs',127,'b54d260c-2695-102d-b4c2-001d929acb54'),('mdrtb.discontinue_drug_order_reasons','REASON TUBERCULOSIS TREATMENT CHANGED OR STOPPED','Name of the ConceptSet that contains all of the value-coded concepts representing reasons why\r\nyou would want to discontinue a TB drug order.',128,'b54d26e8-2695-102d-b4c2-001d929acb54'),('mdrtb.max_num_bacteriologies_or_dsts_to_add_at_once','4','Expects an integer value.  Represents the maximum number of smears, cultures, or DSTs that you would ever want to add at one time \r\nfor a given sputum sample.',129,'b54d27c4-2695-102d-b4c2-001d929acb54'),('mdrtb.organism_type','TYPE OF ORGANISM','A concept set of possible TB culture organism types, or a | delimited list of organism concepts',130,'b54d28a0-2695-102d-b4c2-001d929acb54'),('mdrtb.webserver_port',':8080','This is meant to give you a little bit of flexibility with hosting configurations.  For tomcat, the listener port is :8080 by default.',131,'b54d2968-2695-102d-b4c2-001d929acb54'),('mdrtb.positive_culture_concepts','WEAKLY POSITIVE|STRONGLY POSITIVE|MODERATELY POSITIVE|SCANTY','These are the concepts that signify a positive bacteriology result.  Pipe delimited.',132,'b54d2a44-2695-102d-b4c2-001d929acb54'),('mdrtb.ART_identifier_type','ARV Number','Set this to the patient identifier type for the ART program',133,'b54d2b16-2695-102d-b4c2-001d929acb54'),('mdrtb.treatment_supporter_relationship_type','Treatment Supporter/Treatment Supportee','The relationship type used to describe the relationship from a treatment supporter (A) to a patient (B)',134,'b54d2be8-2695-102d-b4c2-001d929acb54'),('mdrtb.patient_contact_id_attribute_type','MDR-TB Patient Contact ID Number','The person attribute type corresponding to a patient contact\'s ID number.',135,'b54d2cba-2695-102d-b4c2-001d929acb54'),('mdrtb.dst_color_coding_red','RESISTANT TO TUBERCULOSIS DRUG','The DST result value that will be coded with the color red (Resistant).',136,'b54d2d8c-2695-102d-b4c2-001d929acb54'),('mdrtb.dst_color_coding_green','SUSCEPTIBLE TO TUBERCULOSIS DRUG','The DST result value that will be coded with the color green (Susceptible).',137,'b54d2e5e-2695-102d-b4c2-001d929acb54'),('mdrtb.dst_color_coding_yellow','INTERMEDIATE TO TUBERCULOSIS DRUG','The DST result value that will be coded with the color yellow (Intermediate).',138,'b54d2f30-2695-102d-b4c2-001d929acb54'),('mdrtb.in_mdrtb_program_cohort_definition_id','9','The ID of the saved cohort definition for all patients in the mdr-tb program.  This is used by the forecasting requirements links on the homepage.',139,'b54d3002-2695-102d-b4c2-001d929acb54'),('smtp_password','b40b4bhealth','',140,'b54d3386-2695-102d-b4c2-001d929acb54'),('clinic_hours','7:30am-3:45pm','',141,'b54d344e-2695-102d-b4c2-001d929acb54'),('clinic_breaks','12:30pm-1:00pm,1:00pm-1:15pm','',142,'b54d350c-2695-102d-b4c2-001d929acb54'),('current_health_center_id','2','',143,'b54d35d4-2695-102d-b4c2-001d929acb54'),('dataimport.started','true','DO NOT MODIFY. true/false whether or not the dataimport module has been started.  This is used to make sure modules that were running  prior to a restart are started again',144,'b54d38a4-2695-102d-b4c2-001d929acb54'),('dataimport.dataImportDir','','Specifies the absolute path where data import files are uploaded.  (ex. /home/user/dataImports).',145,'b54d398a-2695-102d-b4c2-001d929acb54'),('locale.allowed.list','en','Comma delimited list of locales allowed for use on system',146,'b54d3a5c-2695-102d-b4c2-001d929acb54'),('newPatientForm.relationships','','Comma separated list of the RelationshipTypes to show on the new/short patient form.  The list is defined like \'3a, 4b, 7a\'.  The number is the RelationshipTypeId and the \'a\' vs \'b\' part is which side of the relationship is filled in by the user.',147,'b54d3b2e-2695-102d-b4c2-001d929acb54'),('formentry.infopath_taskpane.showAllUsersOnLoad','true','When you view the \'users.htm\' page in the taskpane, i.e. by clicking on the Choose a Provider\r\nbutton, should the system automatically preload a list of all users?',148,'b54d3c0a-2695-102d-b4c2-001d929acb54'),('dashboard.header.programs_to_show','','List of programs to show Enrollment details of in the patient header. (Should be an ordered comma-separated list of program_ids or names.)',149,'b54d3cdc-2695-102d-b4c2-001d929acb54'),('dashboard.header.workflows_to_show','','List of programs to show Enrollment details of in the patient header. List of workflows to show current status of in the patient header. These will only be displayed if they belong to a program listed above. (Should be a comma-separated list of program_workflow_ids.)',150,'b54d3db8-2695-102d-b4c2-001d929acb54'),('concept.problemList','1284','The concept id of the PROBLEM LIST concept.  This concept_id is presumed to be the generic grouping (obr) concept in hl7 messages.  An obs_group row is not created for this concept.',151,'b54d3e8a-2695-102d-b4c2-001d929acb54'),('mail.smtp_quitwait','false','',152,'b54d3f5c-2695-102d-b4c2-001d929acb54'),('mail.smtp_socketFactory_fallback','false','',153,'b54d401a-2695-102d-b4c2-001d929acb54'),('mail.smtp_socketFactory_class','javax.net.ssl.SSLSocketFactory','',154,'b54d40e2-2695-102d-b4c2-001d929acb54'),('mail.smtp_socketFactory_port','465','',155,'b54d41aa-2695-102d-b4c2-001d929acb54'),('mail.smtp_starttls_enable','true','',156,'b54d4272-2695-102d-b4c2-001d929acb54'),('simplelabentry.started','true','DO NOT MODIFY. true/false whether or not the simplelabentry module has been started.  This is used to make sure modules that were running  prior to a restart are started again',157,'b54d433a-2695-102d-b4c2-001d929acb54'),('simplelabentry.supportedTests','657,1019','',158,'b54d4402-2695-102d-b4c2-001d929acb54'),('simplelabentry.labOrderType','4','',159,'b54d44ca-2695-102d-b4c2-001d929acb54'),('simplelabentry.labTestEncounterType','13','',160,'b54d4588-2695-102d-b4c2-001d929acb54'),('simplelabentry.patientIdentifierType','3','',161,'b54d4650-2695-102d-b4c2-001d929acb54'),('simplelabentry.patientHealthCenterAttributeType','7','',162,'b54d470e-2695-102d-b4c2-001d929acb54'),('simplelabentry.programToDisplay','1','',163,'b54d47d6-2695-102d-b4c2-001d929acb54'),('simplelabentry.workflowToDisplay','1','',164,'b54d4894-2695-102d-b4c2-001d929acb54'),('demographics.home_village','yes','',165,'b54d4952-2695-102d-b4c2-001d929acb54'),('demographics.mothers_surname','yes','',166,'b54d4a1a-2695-102d-b4c2-001d929acb54'),('htmlformentry.database_version','1.0.0','DO NOT MODIFY.  Current database version number for the htmlformentry module.',167,'b54d4ae2-2695-102d-b4c2-001d929acb54'),('htmlformentry.started','true','DO NOT MODIFY. true/false whether or not the htmlformentry module has been started.  This is used to make sure modules that were running  prior to a restart are started again',168,'b54d4bb4-2695-102d-b4c2-001d929acb54'),('dashboard.identifiers','{\"9\":[\"PART Number\",\"ARV Number\",\"EID Number\",\"KS Number\"]}','',169,'b54d4f60-2695-102d-b4c2-001d929acb54'),('formentry.infopath_archive_dir','','This property should point to a filesystem directory. If undefined (empty), XSNs will not be archived.\r\nIf the directory is defined and available, every time an XSN is uploaded the old XSN\r\nwill be renamed and copied to this directory.',170,'b54d5032-2695-102d-b4c2-001d929acb54'),('remoteformentry.database_version','1.0.0','DO NOT MODIFY.  Current database version number for the remoteformentry module.',171,'b54d510e-2695-102d-b4c2-001d929acb54'),('remoteformentry.started','true','DO NOT MODIFY. true/false whether or not the remoteformentry module has been started.  This is used to make sure modules that were running  prior to a restart are started again',172,'b54d51e0-2695-102d-b4c2-001d929acb54'),('remoteformentry.generated_return_data_dir','remoteformentry/generatedReturnData','Directory where the generated return data will be stored',173,'b54d52b2-2695-102d-b4c2-001d929acb54'),('remoteformentry.pending_queue_dir','remoteformentry/pendingQueue','Directory where the pending queue items will be stored',174,'b54d5384-2695-102d-b4c2-001d929acb54'),('remoteformentry.ack_dir','remoteformentry/ackDir','Directory where the acks to be returned to remote sites are stored',175,'b54d5668-2695-102d-b4c2-001d929acb54'),('remoteformentry.remote_locations','3','List of remote sites. It is a comma separated list of space separated groups. \r\ne.g.: \"1,2,10,23\" or \"1 3 10, 4 5 7, 18, 21\".  (In the latter, locations 3 and \r\n10 are sublocations of 1 and all encounters/obs are sent to that same location)',176,'b54d5744-2695-102d-b4c2-001d929acb54'),('remoteformentry.invalid_identifier_type','','A PatientIdentifier.patientIdentifierTypeId of the type that is used to mark \r\nidentifiers with invalid check digits.  If this is non-empty and an patient\'s \r\nidentifier comes in that is invalid, the type of that identifier will be changed to\r\nthis type.  If this is empty and an invalid identifier comes in, the patient will\r\nnot be able to be saved to the database and will end up in the error queue.',177,'b54d5820-2695-102d-b4c2-001d929acb54'),('remoteformentry.generated_return_data_tables_to_ignore','obs, encounter, complex_obs, hl7_in_archive, hl7_in_queue, hl7_in_error, orders, order_type, drug_order, formentry_archive, formentry_error','This gp will contain a comma separated list of tables to ignore when creating the large sql file.\r\nTables like obs and encounter are ignored because they are generated in other files.  Other large \r\ntables that remote sites don\'t care about should be in here as well.',178,'b54d5910-2695-102d-b4c2-001d929acb54'),('remoteformentry.initialEncounterTypes','11,9,20,14,','',181,'b54d5a00-2695-102d-b4c2-001d929acb54'),('patientsummary.mandatory','false','true/false whether or not the patientsummary module MUST start when openmrs starts.  This is used to make sure that mission critical modules are always running if openmrs is running.',182,'f27a4899-56f7-412d-95d5-fddb46a462c2'),('FormEntry.enableDashboardTab','true','true/false whether or not to show a Form Entry tab on the patient dashboard',183,'4d7bbc56-0bd9-4803-9835-43fa8c6f0713'),('FormEntry.enableOnEncounterTab','false','true/false whether or not to show a Enter Form button on the encounters tab of the patient dashboard',184,'887a0474-9504-457b-b43a-1e7bb464b4f9'),('patient.headerAttributeTypes','Health Center, Cell Phone Number','',185,'8a7fec88-bcd8-47c9-a0e2-7d734b03511c'),('user.headerAttributeTypes','','A comma delimited list of PersonAttributeType names that will be shown on the user dashboard. (not used in v1.5)',186,'066bdf54-db39-49ea-9182-36d162201c1d'),('patient.identifierSearchPattern','','If this is empty, the regex or suffix/prefix search is used.  Comma separated list of identifiers to check.  Allows for faster searching of multiple options rather than the slow regex. e.g. @SEARCH@,0@SEARCH@,@SEARCH-1@-@CHECKDIGIT@,0@SEARCH-1@-@CHECKDIGIT@ would turn a request for \"4127\" into a search for \"in (\'4127\',\'04127\',\'412-7\',\'0412-7\')\"',187,'03c0b9cf-4125-4830-9bd0-0e9b2a653f77'),('obs.complex_obs_dir','complex_obs','Default directory for storing complex obs.',188,'d2562710-66bc-4d24-87ad-e98b0798fcb1'),('minSearchCharacters','3','Number of characters user must input before searching is started.',189,'328b003c-d95f-4f86-b855-e465c257f230'),('default_locale','en_GB','Specifies the default locale. You can specify both the language code(ISO-639) and the country code(ISO-3166), e.g. \'en_GB\' or just country: e.g. \'en\'',190,'4eec0744-183f-44f1-884c-7b6fa8451a64'),('security.passwordCannotMatchUsername','true','Configure whether passwords must not match user\'s username or system id',191,'201aed68-7612-49f7-9f4b-4d343d9c77f7'),('security.passwordCustomRegex','','Configure a custom regular expression that a password must match',192,'71891840-de49-4215-9334-e7457d05a728'),('security.passwordMinimumLength','7','Configure the minimum length required of all passwords',193,'82d1f6de-2af1-4764-9822-60a9564f19be'),('security.passwordRequiresDigit','true','Configure whether passwords must contain at least one digit',194,'1b1656b2-6641-44c6-add7-a837da1bc8ad'),('security.passwordRequiresNonDigit','true','Configure whether passwords must contain at least one non-digit',195,'4b4ea087-ebb3-4553-aeeb-f2787f913db9'),('security.passwordRequiresUpperAndLowerCase','false','Configure whether passwords must contain both upper and lower case characters',196,'39ef0505-60bd-4f68-a672-9a4b5f30350c'),('hl7_processor.ignore_missing_patient_non_local','false','If true, hl7 messages for patients that are not found and are non-local will silently be dropped/ignored',197,'913377be-710a-477c-a2a6-b53cf534b03a'),('formentry.mandatory','false','true/false whether or not the formentry module MUST start when openmrs starts.  This is used to make sure that mission critical modules are always running if openmrs is running.',198,'4db43f2f-c1c5-4887-a0d5-92638bfd951e'),('simplelabentry.mandatory','false','true/false whether or not the simplelabentry module MUST start when openmrs starts.  This is used to make sure that mission critical modules are always running if openmrs is running.',199,'9db2b09b-f46c-4695-a3f6-9d3461e57984'),('birt.mandatory','false','true/false whether or not the birt module MUST start when openmrs starts.  This is used to make sure that mission critical modules are always running if openmrs is running.',200,'ffb72ce0-c8fe-4cdb-9bd8-af60e6a7c4ec'),('htmlformentry.mandatory','false','true/false whether or not the htmlformentry module MUST start when openmrs starts.  This is used to make sure that mission critical modules are always running if openmrs is running.',201,'3ce5a5e5-9c82-46b0-91a8-8e1065e3cdbf'),('remoteformentry.mandatory','false','true/false whether or not the remoteformentry module MUST start when openmrs starts.  This is used to make sure that mission critical modules are always running if openmrs is running.',202,'dd86d036-6a83-47a4-9918-e8a77c602e5e'),('formdataexport.mandatory','false','true/false whether or not the formdataexport module MUST start when openmrs starts.  This is used to make sure that mission critical modules are always running if openmrs is running.',203,'689c500b-fcb7-4e9a-aff0-c5eef341fafe'),('form2program.mandatory','false','true/false whether or not the form2program module MUST start when openmrs starts.  This is used to make sure that mission critical modules are always running if openmrs is running.',204,'2426605e-1819-43fd-8bf4-84801cc8d701'),('formimportexport.mandatory','false','true/false whether or not the formimportexport module MUST start when openmrs starts.  This is used to make sure that mission critical modules are always running if openmrs is running.',205,'c092c180-51f8-41f8-a637-afb5387f0ca8'),('serialization.xstream.started','true','DO NOT MODIFY. true/false whether or not the serialization.xstream module has been started.  This is used to make sure modules that were running  prior to a restart are started again',206,'0ec571d3-6b89-4e83-9d2a-7d5d3cc3d915'),('serialization.xstream.mandatory','false','true/false whether or not the serialization.xstream module MUST start when openmrs starts.  This is used to make sure that mission critical modules are always running if openmrs is running.',207,'61da9854-305f-4dce-969b-5058fd2ccad6'),('reporting.started','false','DO NOT MODIFY. true/false whether or not the reporting module has been started.  This is used to make sure modules that were running  prior to a restart are started again',208,'cf8ab36a-4262-49be-9b9f-028a4b723aa7'),('reportingcompatibility.started','true','DO NOT MODIFY. true/false whether or not the reportingcompatibility module has been started.  This is used to make sure modules that were running  prior to a restart are started again',209,'079704e8-9549-42d5-b799-65dde6d48f2f'),('reportingcompatibility.mandatory','false','true/false whether or not the reportingcompatibility module MUST start when openmrs starts.  This is used to make sure that mission critical modules are always running if openmrs is running.',210,'4283fcb7-fb07-4d11-ab34-442d283c6b4c'),('reporting.database_version','0.1.0','DO NOT MODIFY.  Current database version number for the reporting module.',211,'2841da8e-8dce-44d2-9567-7a1f92a68c5e'),('reporting.mandatory','false','true/false whether or not the reporting module MUST start when openmrs starts.  This is used to make sure that mission critical modules are always running if openmrs is running.',212,'e84fff72-08bf-4460-ad47-f79d1972e29d'),('report.deleteReportsAgeInHours','72','Reports that are not explicitly saved are deleted automatically when they are this many hours old. (Values less than or equal to zero means do not delete automatically)',213,'39ca96f0-2f54-46b2-bba6-cf15219b3501'),('dataentrystatistics.started','true','DO NOT MODIFY. true/false whether or not the dataentrystatistics module has been started.  This is used to make sure modules that were running  prior to a restart are started again',214,'d837ad15-4f55-43a6-8909-da84ffac2ddd'),('dataentrystatistics.mandatory','false','true/false whether or not the dataentrystatistics module MUST start when openmrs starts.  This is used to make sure that mission critical modules are always running if openmrs is running.',215,'94622b71-93c8-415c-892a-68ef989a725f'),('patientflags.database_version','1.1.4','DO NOT MODIFY.  Current database version number for the patientflags module.',216,'bab0a52f-ef28-4be0-a43f-ef1250ceb0fc'),('patientflags.started','true','DO NOT MODIFY. true/false whether or not the patientflags module has been started.  This is used to make sure modules that were running  prior to a restart are started again',217,'03fdbb98-06cb-4d4a-a140-d84ad9af77de'),('patientflags.mandatory','false','true/false whether or not the patientflags module MUST start when openmrs starts.  This is used to make sure that mission critical modules are always running if openmrs is running.',218,'0dfd3d43-b847-4de5-8e7d-ba14d830d38b'),('statistics.show_encounter_types','REGISTRATION,VITALS,OUTPATIENT DIAGNOSIS,TREATMENT,APPOINTMENT','',219,'cd28bcf0-719f-4b7b-830e-df96327f6486'),('programlocation.database_version','0.0.1','DO NOT MODIFY.  Current database version number for the programlocation module.',220,'9a3318ba-46d9-484e-8304-fcd9da70167c'),('programlocation.started','true','DO NOT MODIFY. true/false whether or not the programlocation module has been started.  This is used to make sure modules that were running  prior to a restart are started again',221,'f3794472-985f-4ecf-a995-adebe4b79738'),('programlocation.mandatory','false','true/false whether or not the programlocation module MUST start when openmrs starts.  This is used to make sure that mission critical modules are always running if openmrs is running.',222,'2932ce2a-203b-4bb0-97ea-2f077105670e');
/*!40000 ALTER TABLE `global_property` ENABLE KEYS */;
UNLOCK TABLES;
/*!40103 SET TIME_ZONE=@OLD_TIME_ZONE */;

/*!40101 SET SQL_MODE=@OLD_SQL_MODE */;
/*!40014 SET FOREIGN_KEY_CHECKS=@OLD_FOREIGN_KEY_CHECKS */;
/*!40014 SET UNIQUE_CHECKS=@OLD_UNIQUE_CHECKS */;
/*!40101 SET CHARACTER_SET_CLIENT=@OLD_CHARACTER_SET_CLIENT */;
/*!40101 SET CHARACTER_SET_RESULTS=@OLD_CHARACTER_SET_RESULTS */;
/*!40101 SET COLLATION_CONNECTION=@OLD_COLLATION_CONNECTION */;
/*!40111 SET SQL_NOTES=@OLD_SQL_NOTES */;
